"TL","month","year","fishingseason","Freq","wtMean"
19,"Aug",2017,"2017-2018",7,20.7166666666667
20,"Aug",2017,"2017-2018",21,20.7166666666667
21,"Aug",2017,"2017-2018",19,20.7166666666667
22,"Aug",2017,"2017-2018",8,20.7166666666667
23,"Aug",2017,"2017-2018",5,20.7166666666667
15,"Sep",2017,"2017-2018",1,19.7302083333333
16,"Sep",2017,"2017-2018",9,19.7302083333333
16.5,"Sep",2017,"2017-2018",3,19.7302083333333
17,"Sep",2017,"2017-2018",43,19.7302083333333
17.5,"Sep",2017,"2017-2018",3,19.7302083333333
18,"Sep",2017,"2017-2018",173,19.7302083333333
18.5,"Sep",2017,"2017-2018",13,19.7302083333333
19,"Sep",2017,"2017-2018",332,19.7302083333333
19.5,"Sep",2017,"2017-2018",72,19.7302083333333
20,"Sep",2017,"2017-2018",360,19.7302083333333
20.5,"Sep",2017,"2017-2018",87,19.7302083333333
21,"Sep",2017,"2017-2018",210,19.7302083333333
21.5,"Sep",2017,"2017-2018",41,19.7302083333333
22,"Sep",2017,"2017-2018",60,19.7302083333333
22.5,"Sep",2017,"2017-2018",8,19.7302083333333
23,"Sep",2017,"2017-2018",20,19.7302083333333
23.5,"Sep",2017,"2017-2018",4,19.7302083333333
24,"Sep",2017,"2017-2018",1,19.7302083333333
14,"Oct",2017,"2017-2018",1,19.956
15,"Oct",2017,"2017-2018",17,19.956
15.5,"Oct",2017,"2017-2018",1,19.956
16,"Oct",2017,"2017-2018",53,19.956
16.5,"Oct",2017,"2017-2018",6,19.956
17,"Oct",2017,"2017-2018",50,19.956
17.5,"Oct",2017,"2017-2018",6,19.956
18,"Oct",2017,"2017-2018",50,19.956
18.5,"Oct",2017,"2017-2018",9,19.956
19,"Oct",2017,"2017-2018",213,19.956
19.5,"Oct",2017,"2017-2018",77,19.956
20,"Oct",2017,"2017-2018",438,19.956
20.5,"Oct",2017,"2017-2018",96,19.956
21,"Oct",2017,"2017-2018",276,19.956
21.5,"Oct",2017,"2017-2018",46,19.956
22,"Oct",2017,"2017-2018",92,19.956
22.5,"Oct",2017,"2017-2018",13,19.956
23,"Oct",2017,"2017-2018",42,19.956
23.5,"Oct",2017,"2017-2018",2,19.956
24,"Oct",2017,"2017-2018",9,19.956
24.5,"Oct",2017,"2017-2018",2,19.956
25,"Oct",2017,"2017-2018",1,19.956
16,"Nov",2017,"2017-2018",20,18.8263765541741
16.5,"Nov",2017,"2017-2018",6,18.8263765541741
17,"Nov",2017,"2017-2018",77,18.8263765541741
17.5,"Nov",2017,"2017-2018",37,18.8263765541741
18,"Nov",2017,"2017-2018",224,18.8263765541741
18.5,"Nov",2017,"2017-2018",171,18.8263765541741
19,"Nov",2017,"2017-2018",264,18.8263765541741
19.5,"Nov",2017,"2017-2018",87,18.8263765541741
20,"Nov",2017,"2017-2018",143,18.8263765541741
20.5,"Nov",2017,"2017-2018",18,18.8263765541741
21,"Nov",2017,"2017-2018",54,18.8263765541741
21.5,"Nov",2017,"2017-2018",5,18.8263765541741
22,"Nov",2017,"2017-2018",16,18.8263765541741
23,"Nov",2017,"2017-2018",3,18.8263765541741
23.5,"Nov",2017,"2017-2018",1,18.8263765541741
15,"Dec",2017,"2017-2018",1,18.9833333333333
16,"Dec",2017,"2017-2018",5,18.9833333333333
16.5,"Dec",2017,"2017-2018",1,18.9833333333333
17,"Dec",2017,"2017-2018",17,18.9833333333333
17.5,"Dec",2017,"2017-2018",7,18.9833333333333
18,"Dec",2017,"2017-2018",79,18.9833333333333
18.5,"Dec",2017,"2017-2018",24,18.9833333333333
19,"Dec",2017,"2017-2018",108,18.9833333333333
19.5,"Dec",2017,"2017-2018",19,18.9833333333333
20,"Dec",2017,"2017-2018",58,18.9833333333333
20.5,"Dec",2017,"2017-2018",13,18.9833333333333
21,"Dec",2017,"2017-2018",18,18.9833333333333
21.5,"Dec",2017,"2017-2018",4,18.9833333333333
22,"Dec",2017,"2017-2018",6,18.9833333333333
15,"Jan",2018,"2017-2018",1,18.8024509803922
15.5,"Jan",2018,"2017-2018",4,18.8024509803922
16,"Jan",2018,"2017-2018",11,18.8024509803922
16.5,"Jan",2018,"2017-2018",17,18.8024509803922
17,"Jan",2018,"2017-2018",70,18.8024509803922
17.5,"Jan",2018,"2017-2018",71,18.8024509803922
18,"Jan",2018,"2017-2018",156,18.8024509803922
18.5,"Jan",2018,"2017-2018",148,18.8024509803922
19,"Jan",2018,"2017-2018",201,18.8024509803922
19.5,"Jan",2018,"2017-2018",125,18.8024509803922
20,"Jan",2018,"2017-2018",127,18.8024509803922
20.5,"Jan",2018,"2017-2018",36,18.8024509803922
21,"Jan",2018,"2017-2018",30,18.8024509803922
21.5,"Jan",2018,"2017-2018",12,18.8024509803922
22,"Jan",2018,"2017-2018",8,18.8024509803922
22.5,"Jan",2018,"2017-2018",2,18.8024509803922
23,"Jan",2018,"2017-2018",1,18.8024509803922
14,"Feb",2018,"2017-2018",1,18.9596666666667
14.5,"Feb",2018,"2017-2018",3,18.9596666666667
15,"Feb",2018,"2017-2018",1,18.9596666666667
15.5,"Feb",2018,"2017-2018",3,18.9596666666667
16,"Feb",2018,"2017-2018",5,18.9596666666667
16.5,"Feb",2018,"2017-2018",55,18.9596666666667
17,"Feb",2018,"2017-2018",49,18.9596666666667
17.5,"Feb",2018,"2017-2018",140,18.9596666666667
18,"Feb",2018,"2017-2018",99,18.9596666666667
18.5,"Feb",2018,"2017-2018",333,18.9596666666667
19,"Feb",2018,"2017-2018",186,18.9596666666667
19.5,"Feb",2018,"2017-2018",300,18.9596666666667
20,"Feb",2018,"2017-2018",107,18.9596666666667
20.5,"Feb",2018,"2017-2018",110,18.9596666666667
21,"Feb",2018,"2017-2018",39,18.9596666666667
21.5,"Feb",2018,"2017-2018",41,18.9596666666667
22,"Feb",2018,"2017-2018",12,18.9596666666667
22.5,"Feb",2018,"2017-2018",11,18.9596666666667
23,"Feb",2018,"2017-2018",4,18.9596666666667
24.5,"Feb",2018,"2017-2018",1,18.9596666666667
15.5,"Mar",2018,"2017-2018",2,19.0758333333333
16,"Mar",2018,"2017-2018",2,19.0758333333333
16.5,"Mar",2018,"2017-2018",16,19.0758333333333
17,"Mar",2018,"2017-2018",9,19.0758333333333
17.5,"Mar",2018,"2017-2018",44,19.0758333333333
18,"Mar",2018,"2017-2018",39,19.0758333333333
18.5,"Mar",2018,"2017-2018",128,19.0758333333333
19,"Mar",2018,"2017-2018",63,19.0758333333333
19.5,"Mar",2018,"2017-2018",168,19.0758333333333
20,"Mar",2018,"2017-2018",34,19.0758333333333
20.5,"Mar",2018,"2017-2018",70,19.0758333333333
21,"Mar",2018,"2017-2018",9,19.0758333333333
21.5,"Mar",2018,"2017-2018",12,19.0758333333333
22.5,"Mar",2018,"2017-2018",3,19.0758333333333
23,"Mar",2018,"2017-2018",1,19.0758333333333
14.5,"Jul",2018,"2018-2019",1,18.980516194332
15,"Jul",2018,"2018-2019",5,18.980516194332
15.5,"Jul",2018,"2018-2019",11,18.980516194332
16,"Jul",2018,"2018-2019",24,18.980516194332
16.5,"Jul",2018,"2018-2019",35,18.980516194332
17,"Jul",2018,"2018-2019",116,18.980516194332
17.5,"Jul",2018,"2018-2019",149,18.980516194332
18,"Jul",2018,"2018-2019",362,18.980516194332
18.5,"Jul",2018,"2018-2019",213,18.980516194332
19,"Jul",2018,"2018-2019",265,18.980516194332
19.5,"Jul",2018,"2018-2019",162,18.980516194332
20,"Jul",2018,"2018-2019",232,18.980516194332
20.5,"Jul",2018,"2018-2019",173,18.980516194332
21,"Jul",2018,"2018-2019",127,18.980516194332
21.5,"Jul",2018,"2018-2019",62,18.980516194332
22,"Jul",2018,"2018-2019",26,18.980516194332
22.5,"Jul",2018,"2018-2019",9,18.980516194332
23,"Jul",2018,"2018-2019",3,18.980516194332
24,"Jul",2018,"2018-2019",1,18.980516194332
14,"Aug",2018,"2018-2019",1,19.0113272311213
14.5,"Aug",2018,"2018-2019",6,19.0113272311213
15,"Aug",2018,"2018-2019",52,19.0113272311213
15.5,"Aug",2018,"2018-2019",161,19.0113272311213
16,"Aug",2018,"2018-2019",407,19.0113272311213
16.5,"Aug",2018,"2018-2019",400,19.0113272311213
17,"Aug",2018,"2018-2019",634,19.0113272311213
17.5,"Aug",2018,"2018-2019",617,19.0113272311213
18,"Aug",2018,"2018-2019",965,19.0113272311213
18.5,"Aug",2018,"2018-2019",789,19.0113272311213
19,"Aug",2018,"2018-2019",923,19.0113272311213
19.5,"Aug",2018,"2018-2019",672,19.0113272311213
20,"Aug",2018,"2018-2019",843,19.0113272311213
20.5,"Aug",2018,"2018-2019",562,19.0113272311213
21,"Aug",2018,"2018-2019",549,19.0113272311213
21.5,"Aug",2018,"2018-2019",444,19.0113272311213
22,"Aug",2018,"2018-2019",387,19.0113272311213
22.5,"Aug",2018,"2018-2019",168,19.0113272311213
23,"Aug",2018,"2018-2019",95,19.0113272311213
23.5,"Aug",2018,"2018-2019",31,19.0113272311213
24,"Aug",2018,"2018-2019",18,19.0113272311213
24.5,"Aug",2018,"2018-2019",16,19.0113272311213
14.5,"Sep",2018,"2018-2019",2,19.4559390113944
15,"Sep",2018,"2018-2019",17,19.4559390113944
15.5,"Sep",2018,"2018-2019",45,19.4559390113944
16,"Sep",2018,"2018-2019",145,19.4559390113944
16.5,"Sep",2018,"2018-2019",244,19.4559390113944
17,"Sep",2018,"2018-2019",600,19.4559390113944
17.5,"Sep",2018,"2018-2019",794,19.4559390113944
18,"Sep",2018,"2018-2019",1300,19.4559390113944
18.5,"Sep",2018,"2018-2019",1153,19.4559390113944
19,"Sep",2018,"2018-2019",1317,19.4559390113944
19.5,"Sep",2018,"2018-2019",1048,19.4559390113944
20,"Sep",2018,"2018-2019",1479,19.4559390113944
20.5,"Sep",2018,"2018-2019",1261,19.4559390113944
21,"Sep",2018,"2018-2019",1122,19.4559390113944
21.5,"Sep",2018,"2018-2019",725,19.4559390113944
22,"Sep",2018,"2018-2019",553,19.4559390113944
22.5,"Sep",2018,"2018-2019",235,19.4559390113944
23,"Sep",2018,"2018-2019",109,19.4559390113944
23.5,"Sep",2018,"2018-2019",28,19.4559390113944
24,"Sep",2018,"2018-2019",17,19.4559390113944
24.5,"Sep",2018,"2018-2019",4,19.4559390113944
26.5,"Sep",2018,"2018-2019",1,19.4559390113944
13,"Oct",2018,"2018-2019",1,19.2765265006716
14.5,"Oct",2018,"2018-2019",4,19.2765265006716
15,"Oct",2018,"2018-2019",20,19.2765265006716
15.5,"Oct",2018,"2018-2019",50,19.2765265006716
16,"Oct",2018,"2018-2019",257,19.2765265006716
16.5,"Oct",2018,"2018-2019",247,19.2765265006716
17,"Oct",2018,"2018-2019",489,19.2765265006716
17.5,"Oct",2018,"2018-2019",547,19.2765265006716
18,"Oct",2018,"2018-2019",985,19.2765265006716
18.5,"Oct",2018,"2018-2019",893,19.2765265006716
19,"Oct",2018,"2018-2019",1199,19.2765265006716
19.5,"Oct",2018,"2018-2019",884,19.2765265006716
20,"Oct",2018,"2018-2019",1440,19.2765265006716
20.5,"Oct",2018,"2018-2019",981,19.2765265006716
21,"Oct",2018,"2018-2019",721,19.2765265006716
21.5,"Oct",2018,"2018-2019",521,19.2765265006716
22,"Oct",2018,"2018-2019",258,19.2765265006716
22.5,"Oct",2018,"2018-2019",100,19.2765265006716
23,"Oct",2018,"2018-2019",49,19.2765265006716
23.5,"Oct",2018,"2018-2019",18,19.2765265006716
24,"Oct",2018,"2018-2019",15,19.2765265006716
10,"Nov",2018,"2018-2019",1,19.6826287317171
12,"Nov",2018,"2018-2019",1,19.6826287317171
13.5,"Nov",2018,"2018-2019",1,19.6826287317171
14,"Nov",2018,"2018-2019",1,19.6826287317171
15,"Nov",2018,"2018-2019",27,19.6826287317171
15.5,"Nov",2018,"2018-2019",23,19.6826287317171
16,"Nov",2018,"2018-2019",68,19.6826287317171
16.5,"Nov",2018,"2018-2019",81,19.6826287317171
17,"Nov",2018,"2018-2019",191,19.6826287317171
17.5,"Nov",2018,"2018-2019",211,19.6826287317171
18,"Nov",2018,"2018-2019",423,19.6826287317171
18.5,"Nov",2018,"2018-2019",294,19.6826287317171
19,"Nov",2018,"2018-2019",531,19.6826287317171
19.5,"Nov",2018,"2018-2019",422,19.6826287317171
20,"Nov",2018,"2018-2019",775,19.6826287317171
20.5,"Nov",2018,"2018-2019",563,19.6826287317171
21,"Nov",2018,"2018-2019",587,19.6826287317171
21.5,"Nov",2018,"2018-2019",428,19.6826287317171
22,"Nov",2018,"2018-2019",214,19.6826287317171
22.5,"Nov",2018,"2018-2019",76,19.6826287317171
23,"Nov",2018,"2018-2019",45,19.6826287317171
23.5,"Nov",2018,"2018-2019",14,19.6826287317171
24,"Nov",2018,"2018-2019",11,19.6826287317171
24.5,"Nov",2018,"2018-2019",3,19.6826287317171
14,"Dec",2018,"2018-2019",5,19.487639553429
14.5,"Dec",2018,"2018-2019",3,19.487639553429
15,"Dec",2018,"2018-2019",12,19.487639553429
15.5,"Dec",2018,"2018-2019",14,19.487639553429
16,"Dec",2018,"2018-2019",18,19.487639553429
16.5,"Dec",2018,"2018-2019",8,19.487639553429
17,"Dec",2018,"2018-2019",41,19.487639553429
17.5,"Dec",2018,"2018-2019",32,19.487639553429
18,"Dec",2018,"2018-2019",120,19.487639553429
18.5,"Dec",2018,"2018-2019",81,19.487639553429
19,"Dec",2018,"2018-2019",226,19.487639553429
19.5,"Dec",2018,"2018-2019",118,19.487639553429
20,"Dec",2018,"2018-2019",208,19.487639553429
20.5,"Dec",2018,"2018-2019",60,19.487639553429
21,"Dec",2018,"2018-2019",173,19.487639553429
21.5,"Dec",2018,"2018-2019",37,19.487639553429
22,"Dec",2018,"2018-2019",74,19.487639553429
22.5,"Dec",2018,"2018-2019",13,19.487639553429
23,"Dec",2018,"2018-2019",7,19.487639553429
23.5,"Dec",2018,"2018-2019",1,19.487639553429
24,"Dec",2018,"2018-2019",2,19.487639553429
25,"Dec",2018,"2018-2019",1,19.487639553429
16,"Jan",2019,"2018-2019",1,19.5125
17,"Jan",2019,"2018-2019",5,19.5125
17.5,"Jan",2019,"2018-2019",5,19.5125
18,"Jan",2019,"2018-2019",12,19.5125
18.5,"Jan",2019,"2018-2019",7,19.5125
19,"Jan",2019,"2018-2019",25,19.5125
19.5,"Jan",2019,"2018-2019",5,19.5125
20,"Jan",2019,"2018-2019",27,19.5125
20.5,"Jan",2019,"2018-2019",8,19.5125
21,"Jan",2019,"2018-2019",17,19.5125
21.5,"Jan",2019,"2018-2019",4,19.5125
22,"Jan",2019,"2018-2019",4,19.5125
16.5,"Jul",2019,"2019-2020",2,20.0053598774885
17,"Jul",2019,"2019-2020",7,20.0053598774885
17.5,"Jul",2019,"2019-2020",12,20.0053598774885
18,"Jul",2019,"2019-2020",34,20.0053598774885
18.5,"Jul",2019,"2019-2020",46,20.0053598774885
19,"Jul",2019,"2019-2020",75,20.0053598774885
19.5,"Jul",2019,"2019-2020",105,20.0053598774885
20,"Jul",2019,"2019-2020",94,20.0053598774885
20.5,"Jul",2019,"2019-2020",100,20.0053598774885
21,"Jul",2019,"2019-2020",67,20.0053598774885
21.5,"Jul",2019,"2019-2020",57,20.0053598774885
22,"Jul",2019,"2019-2020",32,20.0053598774885
22.5,"Jul",2019,"2019-2020",15,20.0053598774885
23,"Jul",2019,"2019-2020",6,20.0053598774885
23.5,"Jul",2019,"2019-2020",0,20.0053598774885
24,"Jul",2019,"2019-2020",1,20.0053598774885
12.5,"Aug",2019,"2019-2020",50,18.8235316614763
14,"Aug",2019,"2019-2020",96,18.8235316614763
14.5,"Aug",2019,"2019-2020",283,18.8235316614763
15,"Aug",2019,"2019-2020",3586,18.8235316614763
15.5,"Aug",2019,"2019-2020",5588,18.8235316614763
16,"Aug",2019,"2019-2020",6277,18.8235316614763
16.5,"Aug",2019,"2019-2020",9038,18.8235316614763
17,"Aug",2019,"2019-2020",15253,18.8235316614763
17.5,"Aug",2019,"2019-2020",11193,18.8235316614763
18,"Aug",2019,"2019-2020",19908,18.8235316614763
18.5,"Aug",2019,"2019-2020",14269,18.8235316614763
19,"Aug",2019,"2019-2020",19533,18.8235316614763
19.5,"Aug",2019,"2019-2020",12532,18.8235316614763
20,"Aug",2019,"2019-2020",24591,18.8235316614763
20.5,"Aug",2019,"2019-2020",9316,18.8235316614763
21,"Aug",2019,"2019-2020",19147,18.8235316614763
21.5,"Aug",2019,"2019-2020",4867,18.8235316614763
22,"Aug",2019,"2019-2020",5366,18.8235316614763
22.5,"Aug",2019,"2019-2020",1163,18.8235316614763
23,"Aug",2019,"2019-2020",820,18.8235316614763
23.5,"Aug",2019,"2019-2020",139,18.8235316614763
24,"Aug",2019,"2019-2020",12,18.8235316614763
24.5,"Aug",2019,"2019-2020",0,18.8235316614763
25,"Aug",2019,"2019-2020",1,18.8235316614763
25.5,"Aug",2019,"2019-2020",2,18.8235316614763
11,"Sep",2019,"2019-2020",18,19.0017512650221
11.5,"Sep",2019,"2019-2020",12,19.0017512650221
12,"Sep",2019,"2019-2020",17,19.0017512650221
12.5,"Sep",2019,"2019-2020",21,19.0017512650221
13,"Sep",2019,"2019-2020",62,19.0017512650221
13.5,"Sep",2019,"2019-2020",10,19.0017512650221
14,"Sep",2019,"2019-2020",441,19.0017512650221
14.5,"Sep",2019,"2019-2020",278,19.0017512650221
15,"Sep",2019,"2019-2020",1525,19.0017512650221
15.5,"Sep",2019,"2019-2020",1130,19.0017512650221
16,"Sep",2019,"2019-2020",5504,19.0017512650221
16.5,"Sep",2019,"2019-2020",8385,19.0017512650221
17,"Sep",2019,"2019-2020",15386,19.0017512650221
17.5,"Sep",2019,"2019-2020",9990,19.0017512650221
18,"Sep",2019,"2019-2020",12019,19.0017512650221
18.5,"Sep",2019,"2019-2020",6653,19.0017512650221
19,"Sep",2019,"2019-2020",7277,19.0017512650221
19.5,"Sep",2019,"2019-2020",6135,19.0017512650221
20,"Sep",2019,"2019-2020",9334,19.0017512650221
20.5,"Sep",2019,"2019-2020",8705,19.0017512650221
21,"Sep",2019,"2019-2020",13556,19.0017512650221
21.5,"Sep",2019,"2019-2020",8419,19.0017512650221
22,"Sep",2019,"2019-2020",6765,19.0017512650221
22.5,"Sep",2019,"2019-2020",1978,19.0017512650221
23,"Sep",2019,"2019-2020",1626,19.0017512650221
23.5,"Sep",2019,"2019-2020",572,19.0017512650221
24,"Sep",2019,"2019-2020",659,19.0017512650221
24.5,"Sep",2019,"2019-2020",3,19.0017512650221
13,"Oct",2019,"2019-2020",23,20.0607068586333
14,"Oct",2019,"2019-2020",579,20.0607068586333
14.5,"Oct",2019,"2019-2020",113,20.0607068586333
15,"Oct",2019,"2019-2020",1622,20.0607068586333
15.5,"Oct",2019,"2019-2020",440,20.0607068586333
16,"Oct",2019,"2019-2020",2761,20.0607068586333
16.5,"Oct",2019,"2019-2020",1424,20.0607068586333
17,"Oct",2019,"2019-2020",7408,20.0607068586333
17.5,"Oct",2019,"2019-2020",4253,20.0607068586333
18,"Oct",2019,"2019-2020",14210,20.0607068586333
18.5,"Oct",2019,"2019-2020",7226,20.0607068586333
19,"Oct",2019,"2019-2020",21330,20.0607068586333
19.5,"Oct",2019,"2019-2020",15302,20.0607068586333
20,"Oct",2019,"2019-2020",25238,20.0607068586333
20.5,"Oct",2019,"2019-2020",21584,20.0607068586333
21,"Oct",2019,"2019-2020",26055,20.0607068586333
21.5,"Oct",2019,"2019-2020",17295,20.0607068586333
22,"Oct",2019,"2019-2020",17316,20.0607068586333
22.5,"Oct",2019,"2019-2020",9530,20.0607068586333
23,"Oct",2019,"2019-2020",3976,20.0607068586333
23.5,"Oct",2019,"2019-2020",2303,20.0607068586333
24,"Oct",2019,"2019-2020",307,20.0607068586333
24.5,"Oct",2019,"2019-2020",4,20.0607068586333
25,"Oct",2019,"2019-2020",116,20.0607068586333
25.5,"Oct",2019,"2019-2020",106,20.0607068586333
14,"Nov",2019,"2019-2020",48,19.5004566182791
15,"Nov",2019,"2019-2020",558,19.5004566182791
15.5,"Nov",2019,"2019-2020",713,19.5004566182791
16,"Nov",2019,"2019-2020",3368,19.5004566182791
16.5,"Nov",2019,"2019-2020",4400,19.5004566182791
17,"Nov",2019,"2019-2020",8253,19.5004566182791
17.5,"Nov",2019,"2019-2020",9179,19.5004566182791
18,"Nov",2019,"2019-2020",15724,19.5004566182791
18.5,"Nov",2019,"2019-2020",12670,19.5004566182791
19,"Nov",2019,"2019-2020",19257,19.5004566182791
19.5,"Nov",2019,"2019-2020",16236,19.5004566182791
20,"Nov",2019,"2019-2020",20880,19.5004566182791
20.5,"Nov",2019,"2019-2020",12721,19.5004566182791
21,"Nov",2019,"2019-2020",18252,19.5004566182791
21.5,"Nov",2019,"2019-2020",9107,19.5004566182791
22,"Nov",2019,"2019-2020",9401,19.5004566182791
22.5,"Nov",2019,"2019-2020",3534,19.5004566182791
23,"Nov",2019,"2019-2020",1628,19.5004566182791
23.5,"Nov",2019,"2019-2020",727,19.5004566182791
24,"Nov",2019,"2019-2020",594,19.5004566182791
24.5,"Nov",2019,"2019-2020",286,19.5004566182791
12.5,"Dec",2019,"2019-2020",24,19.2349431608927
14,"Dec",2019,"2019-2020",261,19.2349431608927
14.5,"Dec",2019,"2019-2020",499,19.2349431608927
15,"Dec",2019,"2019-2020",750,19.2349431608927
15.5,"Dec",2019,"2019-2020",1084,19.2349431608927
16,"Dec",2019,"2019-2020",2206,19.2349431608927
16.5,"Dec",2019,"2019-2020",2585,19.2349431608927
17,"Dec",2019,"2019-2020",4967,19.2349431608927
17.5,"Dec",2019,"2019-2020",4447,19.2349431608927
18,"Dec",2019,"2019-2020",6893,19.2349431608927
18.5,"Dec",2019,"2019-2020",4820,19.2349431608927
19,"Dec",2019,"2019-2020",8460,19.2349431608927
19.5,"Dec",2019,"2019-2020",9267,19.2349431608927
20,"Dec",2019,"2019-2020",11952,19.2349431608927
20.5,"Dec",2019,"2019-2020",6948,19.2349431608927
21,"Dec",2019,"2019-2020",7603,19.2349431608927
21.5,"Dec",2019,"2019-2020",3199,19.2349431608927
22,"Dec",2019,"2019-2020",4338,19.2349431608927
22.5,"Dec",2019,"2019-2020",435,19.2349431608927
23,"Dec",2019,"2019-2020",257,19.2349431608927
23.5,"Dec",2019,"2019-2020",112,19.2349431608927
24,"Dec",2019,"2019-2020",115,19.2349431608927
26,"Dec",2019,"2019-2020",116,19.2349431608927
27,"Dec",2019,"2019-2020",120,19.2349431608927
15,"Jan",2020,"2019-2020",77,19.3099276569471
15.5,"Jan",2020,"2019-2020",147,19.3099276569471
16,"Jan",2020,"2019-2020",951,19.3099276569471
16.5,"Jan",2020,"2019-2020",846,19.3099276569471
17,"Jan",2020,"2019-2020",4612,19.3099276569471
17.5,"Jan",2020,"2019-2020",2153,19.3099276569471
18,"Jan",2020,"2019-2020",11242,19.3099276569471
18.5,"Jan",2020,"2019-2020",6929,19.3099276569471
19,"Jan",2020,"2019-2020",15755,19.3099276569471
19.5,"Jan",2020,"2019-2020",8480,19.3099276569471
20,"Jan",2020,"2019-2020",16503,19.3099276569471
20.5,"Jan",2020,"2019-2020",4370,19.3099276569471
21,"Jan",2020,"2019-2020",8861,19.3099276569471
21.5,"Jan",2020,"2019-2020",1757,19.3099276569471
22,"Jan",2020,"2019-2020",2490,19.3099276569471
23,"Jan",2020,"2019-2020",667,19.3099276569471
23.5,"Jan",2020,"2019-2020",1,19.3099276569471
13,"Feb",2020,"2019-2020",2,19.8795289855072
13.5,"Feb",2020,"2019-2020",2,19.8795289855072
14,"Feb",2020,"2019-2020",19,19.8795289855072
14.5,"Feb",2020,"2019-2020",19,19.8795289855072
15,"Feb",2020,"2019-2020",48,19.8795289855072
15.5,"Feb",2020,"2019-2020",18,19.8795289855072
16,"Feb",2020,"2019-2020",17,19.8795289855072
16.5,"Feb",2020,"2019-2020",4,19.8795289855072
17,"Feb",2020,"2019-2020",63,19.8795289855072
17.5,"Feb",2020,"2019-2020",57,19.8795289855072
18,"Feb",2020,"2019-2020",180,19.8795289855072
18.5,"Feb",2020,"2019-2020",234,19.8795289855072
19,"Feb",2020,"2019-2020",387,19.8795289855072
19.5,"Feb",2020,"2019-2020",260,19.8795289855072
20,"Feb",2020,"2019-2020",1399,19.8795289855072
20.5,"Feb",2020,"2019-2020",550,19.8795289855072
21,"Feb",2020,"2019-2020",868,19.8795289855072
21.5,"Feb",2020,"2019-2020",102,19.8795289855072
22,"Feb",2020,"2019-2020",178,19.8795289855072
22.5,"Feb",2020,"2019-2020",6,19.8795289855072
23,"Feb",2020,"2019-2020",3,19.8795289855072
16,"Jan",2020,"2020-2021",90,19.2188133727331
16.5,"Jan",2020,"2020-2021",63,19.2188133727331
17,"Jan",2020,"2020-2021",1298,19.2188133727331
17.5,"Jan",2020,"2020-2021",1798,19.2188133727331
18,"Jan",2020,"2020-2021",6256,19.2188133727331
18.5,"Jan",2020,"2020-2021",6136,19.2188133727331
19,"Jan",2020,"2020-2021",11331,19.2188133727331
19.5,"Jan",2020,"2020-2021",9789,19.2188133727331
20,"Jan",2020,"2020-2021",14536,19.2188133727331
20.5,"Jan",2020,"2020-2021",8571,19.2188133727331
21,"Jan",2020,"2020-2021",8965,19.2188133727331
21.5,"Jan",2020,"2020-2021",3893,19.2188133727331
22,"Jan",2020,"2020-2021",3370,19.2188133727331
22.5,"Jan",2020,"2020-2021",267,19.2188133727331
14,"Jul",2020,"2020-2021",27,19.8030080347167
14.5,"Jul",2020,"2020-2021",103,19.8030080347167
15,"Jul",2020,"2020-2021",999,19.8030080347167
15.5,"Jul",2020,"2020-2021",572,19.8030080347167
16,"Jul",2020,"2020-2021",2727,19.8030080347167
16.5,"Jul",2020,"2020-2021",1588,19.8030080347167
17,"Jul",2020,"2020-2021",8514,19.8030080347167
17.5,"Jul",2020,"2020-2021",5536,19.8030080347167
18,"Jul",2020,"2020-2021",15845,19.8030080347167
18.5,"Jul",2020,"2020-2021",9976,19.8030080347167
19,"Jul",2020,"2020-2021",26488,19.8030080347167
19.5,"Jul",2020,"2020-2021",23756,19.8030080347167
20,"Jul",2020,"2020-2021",36199,19.8030080347167
20.5,"Jul",2020,"2020-2021",25747,19.8030080347167
21,"Jul",2020,"2020-2021",22003,19.8030080347167
21.5,"Jul",2020,"2020-2021",14563,19.8030080347167
22,"Jul",2020,"2020-2021",10948,19.8030080347167
22.5,"Jul",2020,"2020-2021",6093,19.8030080347167
23,"Jul",2020,"2020-2021",2499,19.8030080347167
23.5,"Jul",2020,"2020-2021",1388,19.8030080347167
24,"Jul",2020,"2020-2021",118,19.8030080347167
13.5,"Aug",2020,"2020-2021",33,19.5761057334639
14,"Aug",2020,"2020-2021",745,19.5761057334639
14.5,"Aug",2020,"2020-2021",372,19.5761057334639
15,"Aug",2020,"2020-2021",2156,19.5761057334639
15.5,"Aug",2020,"2020-2021",1767,19.5761057334639
16,"Aug",2020,"2020-2021",4535,19.5761057334639
16.5,"Aug",2020,"2020-2021",5410,19.5761057334639
17,"Aug",2020,"2020-2021",13365,19.5761057334639
17.5,"Aug",2020,"2020-2021",9472,19.5761057334639
18,"Aug",2020,"2020-2021",23018,19.5761057334639
18.5,"Aug",2020,"2020-2021",13622,19.5761057334639
19,"Aug",2020,"2020-2021",27733,19.5761057334639
19.5,"Aug",2020,"2020-2021",18218,19.5761057334639
20,"Aug",2020,"2020-2021",28401,19.5761057334639
20.5,"Aug",2020,"2020-2021",21164,19.5761057334639
21,"Aug",2020,"2020-2021",22827,19.5761057334639
21.5,"Aug",2020,"2020-2021",17156,19.5761057334639
22,"Aug",2020,"2020-2021",12888,19.5761057334639
22.5,"Aug",2020,"2020-2021",7171,19.5761057334639
23,"Aug",2020,"2020-2021",4196,19.5761057334639
23.5,"Aug",2020,"2020-2021",2781,19.5761057334639
24,"Aug",2020,"2020-2021",796,19.5761057334639
24.5,"Aug",2020,"2020-2021",93,19.5761057334639
13.5,"Sep",2020,"2020-2021",34,20.013593828766
14,"Sep",2020,"2020-2021",181,20.013593828766
14.5,"Sep",2020,"2020-2021",591,20.013593828766
15,"Sep",2020,"2020-2021",2252,20.013593828766
15.5,"Sep",2020,"2020-2021",2588,20.013593828766
16,"Sep",2020,"2020-2021",4471,20.013593828766
16.5,"Sep",2020,"2020-2021",2983,20.013593828766
17,"Sep",2020,"2020-2021",8991,20.013593828766
17.5,"Sep",2020,"2020-2021",3374,20.013593828766
18,"Sep",2020,"2020-2021",15591,20.013593828766
18.5,"Sep",2020,"2020-2021",8814,20.013593828766
19,"Sep",2020,"2020-2021",23466,20.013593828766
19.5,"Sep",2020,"2020-2021",16437,20.013593828766
20,"Sep",2020,"2020-2021",32120,20.013593828766
20.5,"Sep",2020,"2020-2021",22539,20.013593828766
21,"Sep",2020,"2020-2021",31577,20.013593828766
21.5,"Sep",2020,"2020-2021",20008,20.013593828766
22,"Sep",2020,"2020-2021",20799,20.013593828766
22.5,"Sep",2020,"2020-2021",9179,20.013593828766
23,"Sep",2020,"2020-2021",6235,20.013593828766
23.5,"Sep",2020,"2020-2021",2464,20.013593828766
24,"Sep",2020,"2020-2021",1020,20.013593828766
24.5,"Sep",2020,"2020-2021",131,20.013593828766
25,"Sep",2020,"2020-2021",218,20.013593828766
13.5,"Oct",2020,"2020-2021",187,19.3490247199691
14,"Oct",2020,"2020-2021",669,19.3490247199691
14.5,"Oct",2020,"2020-2021",899,19.3490247199691
15,"Oct",2020,"2020-2021",2681,19.3490247199691
15.5,"Oct",2020,"2020-2021",2391,19.3490247199691
16,"Oct",2020,"2020-2021",5572,19.3490247199691
16.5,"Oct",2020,"2020-2021",1709,19.3490247199691
17,"Oct",2020,"2020-2021",9555,19.3490247199691
17.5,"Oct",2020,"2020-2021",4501,19.3490247199691
18,"Oct",2020,"2020-2021",14694,19.3490247199691
18.5,"Oct",2020,"2020-2021",11869,19.3490247199691
19,"Oct",2020,"2020-2021",13877,19.3490247199691
19.5,"Oct",2020,"2020-2021",12264,19.3490247199691
20,"Oct",2020,"2020-2021",14151,19.3490247199691
20.5,"Oct",2020,"2020-2021",10769,19.3490247199691
21,"Oct",2020,"2020-2021",12647,19.3490247199691
21.5,"Oct",2020,"2020-2021",9264,19.3490247199691
22,"Oct",2020,"2020-2021",7688,19.3490247199691
22.5,"Oct",2020,"2020-2021",4598,19.3490247199691
23,"Oct",2020,"2020-2021",2862,19.3490247199691
23.5,"Oct",2020,"2020-2021",1384,19.3490247199691
24,"Oct",2020,"2020-2021",544,19.3490247199691
24.5,"Oct",2020,"2020-2021",209,19.3490247199691
12.5,"Nov",2020,"2020-2021",29,18.7453035029615
13,"Nov",2020,"2020-2021",164,18.7453035029615
13.5,"Nov",2020,"2020-2021",183,18.7453035029615
14,"Nov",2020,"2020-2021",934,18.7453035029615
14.5,"Nov",2020,"2020-2021",854,18.7453035029615
15,"Nov",2020,"2020-2021",5482,18.7453035029615
15.5,"Nov",2020,"2020-2021",2858,18.7453035029615
16,"Nov",2020,"2020-2021",11195,18.7453035029615
16.5,"Nov",2020,"2020-2021",5052,18.7453035029615
17,"Nov",2020,"2020-2021",23566,18.7453035029615
17.5,"Nov",2020,"2020-2021",11220,18.7453035029615
18,"Nov",2020,"2020-2021",30722,18.7453035029615
18.5,"Nov",2020,"2020-2021",14498,18.7453035029615
19,"Nov",2020,"2020-2021",31342,18.7453035029615
19.5,"Nov",2020,"2020-2021",10820,18.7453035029615
20,"Nov",2020,"2020-2021",24826,18.7453035029615
20.5,"Nov",2020,"2020-2021",7967,18.7453035029615
21,"Nov",2020,"2020-2021",18156,18.7453035029615
21.5,"Nov",2020,"2020-2021",6032,18.7453035029615
22,"Nov",2020,"2020-2021",7178,18.7453035029615
22.5,"Nov",2020,"2020-2021",2854,18.7453035029615
23,"Nov",2020,"2020-2021",1514,18.7453035029615
23.5,"Nov",2020,"2020-2021",642,18.7453035029615
24,"Nov",2020,"2020-2021",95,18.7453035029615
24.5,"Nov",2020,"2020-2021",118,18.7453035029615
12.5,"Dec",2020,"2020-2021",18,18.8588821236848
13.5,"Dec",2020,"2020-2021",73,18.8588821236848
14,"Dec",2020,"2020-2021",370,18.8588821236848
14.5,"Dec",2020,"2020-2021",315,18.8588821236848
15,"Dec",2020,"2020-2021",2856,18.8588821236848
15.5,"Dec",2020,"2020-2021",856,18.8588821236848
16,"Dec",2020,"2020-2021",7164,18.8588821236848
16.5,"Dec",2020,"2020-2021",3804,18.8588821236848
17,"Dec",2020,"2020-2021",15700,18.8588821236848
17.5,"Dec",2020,"2020-2021",11252,18.8588821236848
18,"Dec",2020,"2020-2021",28832,18.8588821236848
18.5,"Dec",2020,"2020-2021",21018,18.8588821236848
19,"Dec",2020,"2020-2021",32949,18.8588821236848
19.5,"Dec",2020,"2020-2021",16557,18.8588821236848
20,"Dec",2020,"2020-2021",23042,18.8588821236848
20.5,"Dec",2020,"2020-2021",8668,18.8588821236848
21,"Dec",2020,"2020-2021",14028,18.8588821236848
21.5,"Dec",2020,"2020-2021",6008,18.8588821236848
22,"Dec",2020,"2020-2021",4092,18.8588821236848
22.5,"Dec",2020,"2020-2021",985,18.8588821236848
23,"Dec",2020,"2020-2021",1005,18.8588821236848
23.5,"Dec",2020,"2020-2021",101,18.8588821236848
24,"Dec",2020,"2020-2021",92,18.8588821236848
25,"Dec",2020,"2020-2021",94,18.8588821236848
13.5,"Jan",2021,"2020-2021",42,19.2188133727331
14.5,"Jan",2021,"2020-2021",240,19.2188133727331
15,"Jan",2021,"2020-2021",1712,19.2188133727331
15.5,"Jan",2021,"2020-2021",3022,19.2188133727331
16,"Jan",2021,"2020-2021",1510,19.2188133727331
16.5,"Jan",2021,"2020-2021",2776,19.2188133727331
17,"Jan",2021,"2020-2021",1476,19.2188133727331
17.5,"Jan",2021,"2020-2021",6100,19.2188133727331
18,"Jan",2021,"2020-2021",8663,19.2188133727331
18.5,"Jan",2021,"2020-2021",15743,19.2188133727331
19,"Jan",2021,"2020-2021",8974,19.2188133727331
19.5,"Jan",2021,"2020-2021",10773,19.2188133727331
20,"Jan",2021,"2020-2021",5811,19.2188133727331
20.5,"Jan",2021,"2020-2021",4516,19.2188133727331
21,"Jan",2021,"2020-2021",3395,19.2188133727331
21.5,"Jan",2021,"2020-2021",2492,19.2188133727331
22,"Jan",2021,"2020-2021",1012,19.2188133727331
22.5,"Jan",2021,"2020-2021",169,19.2188133727331
23,"Jan",2021,"2020-2021",353,19.2188133727331
23.5,"Jan",2021,"2020-2021",189,19.2188133727331
15.5,"Jul",2021,"2021-2022",1,20.0326704545455
16,"Jul",2021,"2021-2022",1,20.0326704545455
16.5,"Jul",2021,"2021-2022",3,20.0326704545455
17,"Jul",2021,"2021-2022",4,20.0326704545455
17.5,"Jul",2021,"2021-2022",4,20.0326704545455
18,"Jul",2021,"2021-2022",6,20.0326704545455
18.5,"Jul",2021,"2021-2022",11,20.0326704545455
19,"Jul",2021,"2021-2022",45,20.0326704545455
19.5,"Jul",2021,"2021-2022",65,20.0326704545455
20,"Jul",2021,"2021-2022",76,20.0326704545455
20.5,"Jul",2021,"2021-2022",58,20.0326704545455
21,"Jul",2021,"2021-2022",30,20.0326704545455
21.5,"Jul",2021,"2021-2022",18,20.0326704545455
22,"Jul",2021,"2021-2022",16,20.0326704545455
22.5,"Jul",2021,"2021-2022",5,20.0326704545455
23,"Jul",2021,"2021-2022",7,20.0326704545455
23.5,"Jul",2021,"2021-2022",2,20.0326704545455
13,"Aug",2021,"2021-2022",240,17.8251995813409
13.5,"Aug",2021,"2021-2022",249,17.8251995813409
14,"Aug",2021,"2021-2022",924,17.8251995813409
14.5,"Aug",2021,"2021-2022",1364,17.8251995813409
15,"Aug",2021,"2021-2022",2104,17.8251995813409
15.5,"Aug",2021,"2021-2022",1049,17.8251995813409
16,"Aug",2021,"2021-2022",3822,17.8251995813409
16.5,"Aug",2021,"2021-2022",4104,17.8251995813409
17,"Aug",2021,"2021-2022",6687,17.8251995813409
17.5,"Aug",2021,"2021-2022",4769,17.8251995813409
18,"Aug",2021,"2021-2022",4736,17.8251995813409
18.5,"Aug",2021,"2021-2022",3220,17.8251995813409
19,"Aug",2021,"2021-2022",5095,17.8251995813409
19.5,"Aug",2021,"2021-2022",1729,17.8251995813409
20,"Aug",2021,"2021-2022",2966,17.8251995813409
20.5,"Aug",2021,"2021-2022",1208,17.8251995813409
21,"Aug",2021,"2021-2022",1906,17.8251995813409
21.5,"Aug",2021,"2021-2022",870,17.8251995813409
22,"Aug",2021,"2021-2022",1365,17.8251995813409
22.5,"Aug",2021,"2021-2022",100,17.8251995813409
23,"Aug",2021,"2021-2022",109,17.8251995813409
23.5,"Aug",2021,"2021-2022",111,17.8251995813409
14,"Sep",2021,"2021-2022",33,18.0439438459027
14.5,"Sep",2021,"2021-2022",151,18.0439438459027
15,"Sep",2021,"2021-2022",1861,18.0439438459027
15.5,"Sep",2021,"2021-2022",4116,18.0439438459027
16,"Sep",2021,"2021-2022",10742,18.0439438459027
16.5,"Sep",2021,"2021-2022",10823,18.0439438459027
17,"Sep",2021,"2021-2022",15444,18.0439438459027
17.5,"Sep",2021,"2021-2022",14262,18.0439438459027
18,"Sep",2021,"2021-2022",18976,18.0439438459027
18.5,"Sep",2021,"2021-2022",10338,18.0439438459027
19,"Sep",2021,"2021-2022",10766,18.0439438459027
19.5,"Sep",2021,"2021-2022",3022,18.0439438459027
20,"Sep",2021,"2021-2022",8960,18.0439438459027
20.5,"Sep",2021,"2021-2022",955,18.0439438459027
21,"Sep",2021,"2021-2022",7240,18.0439438459027
21.5,"Sep",2021,"2021-2022",305,18.0439438459027
22,"Sep",2021,"2021-2022",3977,18.0439438459027
22.5,"Sep",2021,"2021-2022",14,18.0439438459027
23,"Sep",2021,"2021-2022",532,18.0439438459027
23.5,"Sep",2021,"2021-2022",2,18.0439438459027
24,"Sep",2021,"2021-2022",1,18.0439438459027
15,"Oct",2021,"2021-2022",29,20.7555289633471
16,"Oct",2021,"2021-2022",33,20.7555289633471
17,"Oct",2021,"2021-2022",87,20.7555289633471
17.5,"Oct",2021,"2021-2022",38,20.7555289633471
18,"Oct",2021,"2021-2022",443,20.7555289633471
18.5,"Oct",2021,"2021-2022",1,20.7555289633471
19,"Oct",2021,"2021-2022",3067,20.7555289633471
19.5,"Oct",2021,"2021-2022",89,20.7555289633471
20,"Oct",2021,"2021-2022",6653,20.7555289633471
20.5,"Oct",2021,"2021-2022",97,20.7555289633471
21,"Oct",2021,"2021-2022",5049,20.7555289633471
21.5,"Oct",2021,"2021-2022",166,20.7555289633471
22,"Oct",2021,"2021-2022",4495,20.7555289633471
22.5,"Oct",2021,"2021-2022",86,20.7555289633471
23,"Oct",2021,"2021-2022",1791,20.7555289633471
23.5,"Oct",2021,"2021-2022",3,20.7555289633471
24,"Oct",2021,"2021-2022",436,20.7555289633471
6.5,"Nov",2021,"2021-2022",32,18.040898499949
7.5,"Nov",2021,"2021-2022",234,18.040898499949
8,"Nov",2021,"2021-2022",1006,18.040898499949
8.5,"Nov",2021,"2021-2022",475,18.040898499949
13.5,"Nov",2021,"2021-2022",2,18.040898499949
14,"Nov",2021,"2021-2022",40,18.040898499949
14.5,"Nov",2021,"2021-2022",215,18.040898499949
15,"Nov",2021,"2021-2022",827,18.040898499949
15.5,"Nov",2021,"2021-2022",2014,18.040898499949
16,"Nov",2021,"2021-2022",5501,18.040898499949
16.5,"Nov",2021,"2021-2022",7690,18.040898499949
17,"Nov",2021,"2021-2022",12785,18.040898499949
17.5,"Nov",2021,"2021-2022",12127,18.040898499949
18,"Nov",2021,"2021-2022",23807,18.040898499949
18.5,"Nov",2021,"2021-2022",14684,18.040898499949
19,"Nov",2021,"2021-2022",14022,18.040898499949
19.5,"Nov",2021,"2021-2022",6477,18.040898499949
20,"Nov",2021,"2021-2022",7678,18.040898499949
20.5,"Nov",2021,"2021-2022",1909,18.040898499949
21,"Nov",2021,"2021-2022",3498,18.040898499949
21.5,"Nov",2021,"2021-2022",828,18.040898499949
22,"Nov",2021,"2021-2022",1245,18.040898499949
22.5,"Nov",2021,"2021-2022",100,18.040898499949
23,"Nov",2021,"2021-2022",400,18.040898499949
7,"Dec",2021,"2021-2022",119,17.6322659867351
8,"Dec",2021,"2021-2022",64,17.6322659867351
12.5,"Dec",2021,"2021-2022",2,17.6322659867351
13,"Dec",2021,"2021-2022",1,17.6322659867351
13.5,"Dec",2021,"2021-2022",3,17.6322659867351
14,"Dec",2021,"2021-2022",91,17.6322659867351
14.5,"Dec",2021,"2021-2022",140,17.6322659867351
15,"Dec",2021,"2021-2022",2542,17.6322659867351
15.5,"Dec",2021,"2021-2022",5141,17.6322659867351
16,"Dec",2021,"2021-2022",4992,17.6322659867351
16.5,"Dec",2021,"2021-2022",5563,17.6322659867351
17,"Dec",2021,"2021-2022",8102,17.6322659867351
17.5,"Dec",2021,"2021-2022",7155,17.6322659867351
18,"Dec",2021,"2021-2022",7371,17.6322659867351
18.5,"Dec",2021,"2021-2022",9355,17.6322659867351
19,"Dec",2021,"2021-2022",4441,17.6322659867351
19.5,"Dec",2021,"2021-2022",2856,17.6322659867351
20,"Dec",2021,"2021-2022",2028,17.6322659867351
20.5,"Dec",2021,"2021-2022",1452,17.6322659867351
21,"Dec",2021,"2021-2022",1023,17.6322659867351
21.5,"Dec",2021,"2021-2022",829,17.6322659867351
22,"Dec",2021,"2021-2022",429,17.6322659867351
22.5,"Dec",2021,"2021-2022",221,17.6322659867351
23,"Dec",2021,"2021-2022",7,17.6322659867351
23.5,"Dec",2021,"2021-2022",0,17.6322659867351
24,"Dec",2021,"2021-2022",1,17.6322659867351
5,"Jan",2022,"2021-2022",46,17.483620606541
14,"Jan",2022,"2021-2022",33,17.483620606541
14.5,"Jan",2022,"2021-2022",247,17.483620606541
15,"Jan",2022,"2021-2022",1241,17.483620606541
15.5,"Jan",2022,"2021-2022",2862,17.483620606541
16,"Jan",2022,"2021-2022",8515,17.483620606541
16.5,"Jan",2022,"2021-2022",9514,17.483620606541
17,"Jan",2022,"2021-2022",17051,17.483620606541
17.5,"Jan",2022,"2021-2022",14057,17.483620606541
18,"Jan",2022,"2021-2022",17905,17.483620606541
18.5,"Jan",2022,"2021-2022",10746,17.483620606541
19,"Jan",2022,"2021-2022",6695,17.483620606541
19.5,"Jan",2022,"2021-2022",2884,17.483620606541
20,"Jan",2022,"2021-2022",1254,17.483620606541
20.5,"Jan",2022,"2021-2022",299,17.483620606541
5,"Feb",2022,"2021-2022",46,17.8576567002514
7,"Feb",2022,"2021-2022",51,17.8576567002514
14.5,"Feb",2022,"2021-2022",165,17.8576567002514
15,"Feb",2022,"2021-2022",953,17.8576567002514
15.5,"Feb",2022,"2021-2022",2814,17.8576567002514
16,"Feb",2022,"2021-2022",2159,17.8576567002514
16.5,"Feb",2022,"2021-2022",4281,17.8576567002514
17,"Feb",2022,"2021-2022",7724,17.8576567002514
17.5,"Feb",2022,"2021-2022",7277,17.8576567002514
18,"Feb",2022,"2021-2022",5520,17.8576567002514
18.5,"Feb",2022,"2021-2022",5560,17.8576567002514
19,"Feb",2022,"2021-2022",2121,17.8576567002514
19.5,"Feb",2022,"2021-2022",4105,17.8576567002514
20,"Feb",2022,"2021-2022",2415,17.8576567002514
20.5,"Feb",2022,"2021-2022",2100,17.8576567002514
21,"Feb",2022,"2021-2022",707,17.8576567002514
21.5,"Feb",2022,"2021-2022",698,17.8576567002514
22,"Feb",2022,"2021-2022",110,17.8576567002514
23,"Feb",2022,"2021-2022",125,17.8576567002514
