"TL","month","year","source","fishingseason","Freq","wtMean"
19,"Aug",2017,"processor","2017-2018",7,20.7166666666667
20,"Aug",2017,"processor","2017-2018",21,20.7166666666667
21,"Aug",2017,"processor","2017-2018",19,20.7166666666667
22,"Aug",2017,"processor","2017-2018",8,20.7166666666667
23,"Aug",2017,"processor","2017-2018",5,20.7166666666667
15,"Sep",2017,"processor","2017-2018",1,19.7302083333333
16,"Sep",2017,"processor","2017-2018",9,19.7302083333333
16.5,"Sep",2017,"processor","2017-2018",3,19.7302083333333
17,"Sep",2017,"processor","2017-2018",43,19.7302083333333
17.5,"Sep",2017,"processor","2017-2018",3,19.7302083333333
18,"Sep",2017,"processor","2017-2018",173,19.7302083333333
18.5,"Sep",2017,"processor","2017-2018",13,19.7302083333333
19,"Sep",2017,"processor","2017-2018",332,19.7302083333333
19.5,"Sep",2017,"processor","2017-2018",72,19.7302083333333
20,"Sep",2017,"processor","2017-2018",360,19.7302083333333
20.5,"Sep",2017,"processor","2017-2018",87,19.7302083333333
21,"Sep",2017,"processor","2017-2018",210,19.7302083333333
21.5,"Sep",2017,"processor","2017-2018",41,19.7302083333333
22,"Sep",2017,"processor","2017-2018",60,19.7302083333333
22.5,"Sep",2017,"processor","2017-2018",8,19.7302083333333
23,"Sep",2017,"processor","2017-2018",20,19.7302083333333
23.5,"Sep",2017,"processor","2017-2018",4,19.7302083333333
24,"Sep",2017,"processor","2017-2018",1,19.7302083333333
14,"Oct",2017,"processor","2017-2018",1,19.956
15,"Oct",2017,"processor","2017-2018",17,19.956
15.5,"Oct",2017,"processor","2017-2018",1,19.956
16,"Oct",2017,"processor","2017-2018",53,19.956
16.5,"Oct",2017,"processor","2017-2018",6,19.956
17,"Oct",2017,"processor","2017-2018",50,19.956
17.5,"Oct",2017,"processor","2017-2018",6,19.956
18,"Oct",2017,"processor","2017-2018",50,19.956
18.5,"Oct",2017,"processor","2017-2018",9,19.956
19,"Oct",2017,"processor","2017-2018",213,19.956
19.5,"Oct",2017,"processor","2017-2018",77,19.956
20,"Oct",2017,"processor","2017-2018",438,19.956
20.5,"Oct",2017,"processor","2017-2018",96,19.956
21,"Oct",2017,"processor","2017-2018",276,19.956
21.5,"Oct",2017,"processor","2017-2018",46,19.956
22,"Oct",2017,"processor","2017-2018",92,19.956
22.5,"Oct",2017,"processor","2017-2018",13,19.956
23,"Oct",2017,"processor","2017-2018",42,19.956
23.5,"Oct",2017,"processor","2017-2018",2,19.956
24,"Oct",2017,"processor","2017-2018",9,19.956
24.5,"Oct",2017,"processor","2017-2018",2,19.956
25,"Oct",2017,"processor","2017-2018",1,19.956
16,"Nov",2017,"processor","2017-2018",20,18.8263765541741
16.5,"Nov",2017,"processor","2017-2018",6,18.8263765541741
17,"Nov",2017,"processor","2017-2018",77,18.8263765541741
17.5,"Nov",2017,"processor","2017-2018",37,18.8263765541741
18,"Nov",2017,"processor","2017-2018",224,18.8263765541741
18.5,"Nov",2017,"processor","2017-2018",171,18.8263765541741
19,"Nov",2017,"processor","2017-2018",264,18.8263765541741
19.5,"Nov",2017,"processor","2017-2018",87,18.8263765541741
20,"Nov",2017,"processor","2017-2018",143,18.8263765541741
20.5,"Nov",2017,"processor","2017-2018",18,18.8263765541741
21,"Nov",2017,"processor","2017-2018",54,18.8263765541741
21.5,"Nov",2017,"processor","2017-2018",5,18.8263765541741
22,"Nov",2017,"processor","2017-2018",16,18.8263765541741
23,"Nov",2017,"processor","2017-2018",3,18.8263765541741
23.5,"Nov",2017,"processor","2017-2018",1,18.8263765541741
15,"Dec",2017,"processor","2017-2018",1,18.9833333333333
16,"Dec",2017,"processor","2017-2018",5,18.9833333333333
16.5,"Dec",2017,"processor","2017-2018",1,18.9833333333333
17,"Dec",2017,"processor","2017-2018",17,18.9833333333333
17.5,"Dec",2017,"processor","2017-2018",7,18.9833333333333
18,"Dec",2017,"processor","2017-2018",79,18.9833333333333
18.5,"Dec",2017,"processor","2017-2018",24,18.9833333333333
19,"Dec",2017,"processor","2017-2018",108,18.9833333333333
19.5,"Dec",2017,"processor","2017-2018",19,18.9833333333333
20,"Dec",2017,"processor","2017-2018",58,18.9833333333333
20.5,"Dec",2017,"processor","2017-2018",13,18.9833333333333
21,"Dec",2017,"processor","2017-2018",18,18.9833333333333
21.5,"Dec",2017,"processor","2017-2018",4,18.9833333333333
22,"Dec",2017,"processor","2017-2018",6,18.9833333333333
15,"Jan",2018,"processor","2017-2018",1,18.8024509803922
15.5,"Jan",2018,"processor","2017-2018",4,18.8024509803922
16,"Jan",2018,"processor","2017-2018",11,18.8024509803922
16.5,"Jan",2018,"processor","2017-2018",17,18.8024509803922
17,"Jan",2018,"processor","2017-2018",70,18.8024509803922
17.5,"Jan",2018,"processor","2017-2018",71,18.8024509803922
18,"Jan",2018,"processor","2017-2018",156,18.8024509803922
18.5,"Jan",2018,"processor","2017-2018",148,18.8024509803922
19,"Jan",2018,"processor","2017-2018",201,18.8024509803922
19.5,"Jan",2018,"processor","2017-2018",125,18.8024509803922
20,"Jan",2018,"processor","2017-2018",127,18.8024509803922
20.5,"Jan",2018,"processor","2017-2018",36,18.8024509803922
21,"Jan",2018,"processor","2017-2018",30,18.8024509803922
21.5,"Jan",2018,"processor","2017-2018",12,18.8024509803922
22,"Jan",2018,"processor","2017-2018",8,18.8024509803922
22.5,"Jan",2018,"processor","2017-2018",2,18.8024509803922
23,"Jan",2018,"processor","2017-2018",1,18.8024509803922
14,"Feb",2018,"processor","2017-2018",1,18.9596666666667
14.5,"Feb",2018,"processor","2017-2018",3,18.9596666666667
15,"Feb",2018,"processor","2017-2018",1,18.9596666666667
15.5,"Feb",2018,"processor","2017-2018",3,18.9596666666667
16,"Feb",2018,"processor","2017-2018",5,18.9596666666667
16.5,"Feb",2018,"processor","2017-2018",55,18.9596666666667
17,"Feb",2018,"processor","2017-2018",49,18.9596666666667
17.5,"Feb",2018,"processor","2017-2018",140,18.9596666666667
18,"Feb",2018,"processor","2017-2018",99,18.9596666666667
18.5,"Feb",2018,"processor","2017-2018",333,18.9596666666667
19,"Feb",2018,"processor","2017-2018",186,18.9596666666667
19.5,"Feb",2018,"processor","2017-2018",300,18.9596666666667
20,"Feb",2018,"processor","2017-2018",107,18.9596666666667
20.5,"Feb",2018,"processor","2017-2018",110,18.9596666666667
21,"Feb",2018,"processor","2017-2018",39,18.9596666666667
21.5,"Feb",2018,"processor","2017-2018",41,18.9596666666667
22,"Feb",2018,"processor","2017-2018",12,18.9596666666667
22.5,"Feb",2018,"processor","2017-2018",11,18.9596666666667
23,"Feb",2018,"processor","2017-2018",4,18.9596666666667
24.5,"Feb",2018,"processor","2017-2018",1,18.9596666666667
15.5,"Mar",2018,"processor","2017-2018",2,19.0758333333333
16,"Mar",2018,"processor","2017-2018",2,19.0758333333333
16.5,"Mar",2018,"processor","2017-2018",16,19.0758333333333
17,"Mar",2018,"processor","2017-2018",9,19.0758333333333
17.5,"Mar",2018,"processor","2017-2018",44,19.0758333333333
18,"Mar",2018,"processor","2017-2018",39,19.0758333333333
18.5,"Mar",2018,"processor","2017-2018",128,19.0758333333333
19,"Mar",2018,"processor","2017-2018",63,19.0758333333333
19.5,"Mar",2018,"processor","2017-2018",168,19.0758333333333
20,"Mar",2018,"processor","2017-2018",34,19.0758333333333
20.5,"Mar",2018,"processor","2017-2018",70,19.0758333333333
21,"Mar",2018,"processor","2017-2018",9,19.0758333333333
21.5,"Mar",2018,"processor","2017-2018",12,19.0758333333333
22.5,"Mar",2018,"processor","2017-2018",3,19.0758333333333
23,"Mar",2018,"processor","2017-2018",1,19.0758333333333
18,"Jul",2018,"fisher","2018-2019",8,20.234243697479
18.5,"Jul",2018,"fisher","2018-2019",25,20.234243697479
19,"Jul",2018,"fisher","2018-2019",41,20.234243697479
19.5,"Jul",2018,"fisher","2018-2019",64,20.234243697479
20,"Jul",2018,"fisher","2018-2019",101,20.234243697479
20.5,"Jul",2018,"fisher","2018-2019",100,20.234243697479
21,"Jul",2018,"fisher","2018-2019",68,20.234243697479
21.5,"Jul",2018,"fisher","2018-2019",43,20.234243697479
22,"Jul",2018,"fisher","2018-2019",19,20.234243697479
22.5,"Jul",2018,"fisher","2018-2019",7,20.234243697479
16.5,"Aug",2018,"fisher","2018-2019",2,20.4320765178819
17,"Aug",2018,"fisher","2018-2019",42,20.4320765178819
17.5,"Aug",2018,"fisher","2018-2019",61,20.4320765178819
18,"Aug",2018,"fisher","2018-2019",166,20.4320765178819
18.5,"Aug",2018,"fisher","2018-2019",229,20.4320765178819
19,"Aug",2018,"fisher","2018-2019",285,20.4320765178819
19.5,"Aug",2018,"fisher","2018-2019",311,20.4320765178819
20,"Aug",2018,"fisher","2018-2019",538,20.4320765178819
20.5,"Aug",2018,"fisher","2018-2019",421,20.4320765178819
21,"Aug",2018,"fisher","2018-2019",449,20.4320765178819
21.5,"Aug",2018,"fisher","2018-2019",405,20.4320765178819
22,"Aug",2018,"fisher","2018-2019",379,20.4320765178819
22.5,"Aug",2018,"fisher","2018-2019",159,20.4320765178819
23,"Aug",2018,"fisher","2018-2019",95,20.4320765178819
23.5,"Aug",2018,"fisher","2018-2019",31,20.4320765178819
24,"Aug",2018,"fisher","2018-2019",18,20.4320765178819
24.5,"Aug",2018,"fisher","2018-2019",16,20.4320765178819
17,"Sep",2018,"fisher","2018-2019",13,20.4718209239562
17.5,"Sep",2018,"fisher","2018-2019",36,20.4718209239562
18,"Sep",2018,"fisher","2018-2019",165,20.4718209239562
18.5,"Sep",2018,"fisher","2018-2019",267,20.4718209239562
19,"Sep",2018,"fisher","2018-2019",498,20.4718209239562
19.5,"Sep",2018,"fisher","2018-2019",614,20.4718209239562
20,"Sep",2018,"fisher","2018-2019",1074,20.4718209239562
20.5,"Sep",2018,"fisher","2018-2019",1076,20.4718209239562
21,"Sep",2018,"fisher","2018-2019",974,20.4718209239562
21.5,"Sep",2018,"fisher","2018-2019",684,20.4718209239562
22,"Sep",2018,"fisher","2018-2019",517,20.4718209239562
22.5,"Sep",2018,"fisher","2018-2019",228,20.4718209239562
23,"Sep",2018,"fisher","2018-2019",106,20.4718209239562
23.5,"Sep",2018,"fisher","2018-2019",27,20.4718209239562
24,"Sep",2018,"fisher","2018-2019",16,20.4718209239562
24.5,"Sep",2018,"fisher","2018-2019",4,20.4718209239562
17,"Oct",2018,"fisher","2018-2019",18,20.0658901251739
17.5,"Oct",2018,"fisher","2018-2019",60,20.0658901251739
18,"Oct",2018,"fisher","2018-2019",222,20.0658901251739
18.5,"Oct",2018,"fisher","2018-2019",421,20.0658901251739
19,"Oct",2018,"fisher","2018-2019",774,20.0658901251739
19.5,"Oct",2018,"fisher","2018-2019",689,20.0658901251739
20,"Oct",2018,"fisher","2018-2019",1156,20.0658901251739
20.5,"Oct",2018,"fisher","2018-2019",881,20.0658901251739
21,"Oct",2018,"fisher","2018-2019",618,20.0658901251739
21.5,"Oct",2018,"fisher","2018-2019",509,20.0658901251739
22,"Oct",2018,"fisher","2018-2019",235,20.0658901251739
22.5,"Oct",2018,"fisher","2018-2019",92,20.0658901251739
23,"Oct",2018,"fisher","2018-2019",44,20.0658901251739
23.5,"Oct",2018,"fisher","2018-2019",18,20.0658901251739
24,"Oct",2018,"fisher","2018-2019",15,20.0658901251739
17,"Nov",2018,"fisher","2018-2019",21,20.4295947605403
17.5,"Nov",2018,"fisher","2018-2019",38,20.4295947605403
18,"Nov",2018,"fisher","2018-2019",65,20.4295947605403
18.5,"Nov",2018,"fisher","2018-2019",112,20.4295947605403
19,"Nov",2018,"fisher","2018-2019",140,20.4295947605403
19.5,"Nov",2018,"fisher","2018-2019",232,20.4295947605403
20,"Nov",2018,"fisher","2018-2019",423,20.4295947605403
20.5,"Nov",2018,"fisher","2018-2019",405,20.4295947605403
21,"Nov",2018,"fisher","2018-2019",380,20.4295947605403
21.5,"Nov",2018,"fisher","2018-2019",363,20.4295947605403
22,"Nov",2018,"fisher","2018-2019",147,20.4295947605403
22.5,"Nov",2018,"fisher","2018-2019",62,20.4295947605403
23,"Nov",2018,"fisher","2018-2019",30,20.4295947605403
23.5,"Nov",2018,"fisher","2018-2019",12,20.4295947605403
24,"Nov",2018,"fisher","2018-2019",10,20.4295947605403
24.5,"Nov",2018,"fisher","2018-2019",3,20.4295947605403
20.5,"Dec",2018,"fisher","2018-2019",12,21.5714285714286
21,"Dec",2018,"fisher","2018-2019",12,21.5714285714286
21.5,"Dec",2018,"fisher","2018-2019",24,21.5714285714286
22,"Dec",2018,"fisher","2018-2019",24,21.5714285714286
22.5,"Dec",2018,"fisher","2018-2019",12,21.5714285714286
14.5,"Jul",2018,"processor","2018-2019",1,18.5826666666667
15,"Jul",2018,"processor","2018-2019",5,18.5826666666667
15.5,"Jul",2018,"processor","2018-2019",11,18.5826666666667
16,"Jul",2018,"processor","2018-2019",24,18.5826666666667
16.5,"Jul",2018,"processor","2018-2019",35,18.5826666666667
17,"Jul",2018,"processor","2018-2019",116,18.5826666666667
17.5,"Jul",2018,"processor","2018-2019",149,18.5826666666667
18,"Jul",2018,"processor","2018-2019",354,18.5826666666667
18.5,"Jul",2018,"processor","2018-2019",188,18.5826666666667
19,"Jul",2018,"processor","2018-2019",224,18.5826666666667
19.5,"Jul",2018,"processor","2018-2019",98,18.5826666666667
20,"Jul",2018,"processor","2018-2019",131,18.5826666666667
20.5,"Jul",2018,"processor","2018-2019",73,18.5826666666667
21,"Jul",2018,"processor","2018-2019",59,18.5826666666667
21.5,"Jul",2018,"processor","2018-2019",19,18.5826666666667
22,"Jul",2018,"processor","2018-2019",7,18.5826666666667
22.5,"Jul",2018,"processor","2018-2019",2,18.5826666666667
23,"Jul",2018,"processor","2018-2019",3,18.5826666666667
24,"Jul",2018,"processor","2018-2019",1,18.5826666666667
14,"Aug",2018,"processor","2018-2019",1,18.0129553867134
14.5,"Aug",2018,"processor","2018-2019",6,18.0129553867134
15,"Aug",2018,"processor","2018-2019",52,18.0129553867134
15.5,"Aug",2018,"processor","2018-2019",161,18.0129553867134
16,"Aug",2018,"processor","2018-2019",407,18.0129553867134
16.5,"Aug",2018,"processor","2018-2019",398,18.0129553867134
17,"Aug",2018,"processor","2018-2019",592,18.0129553867134
17.5,"Aug",2018,"processor","2018-2019",556,18.0129553867134
18,"Aug",2018,"processor","2018-2019",799,18.0129553867134
18.5,"Aug",2018,"processor","2018-2019",560,18.0129553867134
19,"Aug",2018,"processor","2018-2019",638,18.0129553867134
19.5,"Aug",2018,"processor","2018-2019",361,18.0129553867134
20,"Aug",2018,"processor","2018-2019",305,18.0129553867134
20.5,"Aug",2018,"processor","2018-2019",141,18.0129553867134
21,"Aug",2018,"processor","2018-2019",100,18.0129553867134
21.5,"Aug",2018,"processor","2018-2019",39,18.0129553867134
22,"Aug",2018,"processor","2018-2019",8,18.0129553867134
22.5,"Aug",2018,"processor","2018-2019",9,18.0129553867134
14.5,"Sep",2018,"processor","2018-2019",2,18.3713559322034
15,"Sep",2018,"processor","2018-2019",17,18.3713559322034
15.5,"Sep",2018,"processor","2018-2019",45,18.3713559322034
16,"Sep",2018,"processor","2018-2019",145,18.3713559322034
16.5,"Sep",2018,"processor","2018-2019",244,18.3713559322034
17,"Sep",2018,"processor","2018-2019",587,18.3713559322034
17.5,"Sep",2018,"processor","2018-2019",758,18.3713559322034
18,"Sep",2018,"processor","2018-2019",1135,18.3713559322034
18.5,"Sep",2018,"processor","2018-2019",886,18.3713559322034
19,"Sep",2018,"processor","2018-2019",819,18.3713559322034
19.5,"Sep",2018,"processor","2018-2019",434,18.3713559322034
20,"Sep",2018,"processor","2018-2019",405,18.3713559322034
20.5,"Sep",2018,"processor","2018-2019",185,18.3713559322034
21,"Sep",2018,"processor","2018-2019",148,18.3713559322034
21.5,"Sep",2018,"processor","2018-2019",41,18.3713559322034
22,"Sep",2018,"processor","2018-2019",36,18.3713559322034
22.5,"Sep",2018,"processor","2018-2019",7,18.3713559322034
23,"Sep",2018,"processor","2018-2019",3,18.3713559322034
23.5,"Sep",2018,"processor","2018-2019",1,18.3713559322034
24,"Sep",2018,"processor","2018-2019",1,18.3713559322034
26.5,"Sep",2018,"processor","2018-2019",1,18.3713559322034
13,"Oct",2018,"processor","2018-2019",1,18.120320855615
14.5,"Oct",2018,"processor","2018-2019",4,18.120320855615
15,"Oct",2018,"processor","2018-2019",20,18.120320855615
15.5,"Oct",2018,"processor","2018-2019",50,18.120320855615
16,"Oct",2018,"processor","2018-2019",257,18.120320855615
16.5,"Oct",2018,"processor","2018-2019",247,18.120320855615
17,"Oct",2018,"processor","2018-2019",471,18.120320855615
17.5,"Oct",2018,"processor","2018-2019",487,18.120320855615
18,"Oct",2018,"processor","2018-2019",763,18.120320855615
18.5,"Oct",2018,"processor","2018-2019",472,18.120320855615
19,"Oct",2018,"processor","2018-2019",425,18.120320855615
19.5,"Oct",2018,"processor","2018-2019",195,18.120320855615
20,"Oct",2018,"processor","2018-2019",284,18.120320855615
20.5,"Oct",2018,"processor","2018-2019",100,18.120320855615
21,"Oct",2018,"processor","2018-2019",103,18.120320855615
21.5,"Oct",2018,"processor","2018-2019",12,18.120320855615
22,"Oct",2018,"processor","2018-2019",23,18.120320855615
22.5,"Oct",2018,"processor","2018-2019",8,18.120320855615
23,"Oct",2018,"processor","2018-2019",5,18.120320855615
10,"Nov",2018,"processor","2018-2019",1,18.9664442700157
12,"Nov",2018,"processor","2018-2019",1,18.9664442700157
13.5,"Nov",2018,"processor","2018-2019",1,18.9664442700157
14,"Nov",2018,"processor","2018-2019",1,18.9664442700157
15,"Nov",2018,"processor","2018-2019",27,18.9664442700157
15.5,"Nov",2018,"processor","2018-2019",23,18.9664442700157
16,"Nov",2018,"processor","2018-2019",68,18.9664442700157
16.5,"Nov",2018,"processor","2018-2019",81,18.9664442700157
17,"Nov",2018,"processor","2018-2019",170,18.9664442700157
17.5,"Nov",2018,"processor","2018-2019",173,18.9664442700157
18,"Nov",2018,"processor","2018-2019",358,18.9664442700157
18.5,"Nov",2018,"processor","2018-2019",182,18.9664442700157
19,"Nov",2018,"processor","2018-2019",391,18.9664442700157
19.5,"Nov",2018,"processor","2018-2019",190,18.9664442700157
20,"Nov",2018,"processor","2018-2019",352,18.9664442700157
20.5,"Nov",2018,"processor","2018-2019",158,18.9664442700157
21,"Nov",2018,"processor","2018-2019",207,18.9664442700157
21.5,"Nov",2018,"processor","2018-2019",65,18.9664442700157
22,"Nov",2018,"processor","2018-2019",67,18.9664442700157
22.5,"Nov",2018,"processor","2018-2019",14,18.9664442700157
23,"Nov",2018,"processor","2018-2019",15,18.9664442700157
23.5,"Nov",2018,"processor","2018-2019",2,18.9664442700157
24,"Nov",2018,"processor","2018-2019",1,18.9664442700157
14,"Dec",2018,"processor","2018-2019",5,19.3380341880342
14.5,"Dec",2018,"processor","2018-2019",3,19.3380341880342
15,"Dec",2018,"processor","2018-2019",12,19.3380341880342
15.5,"Dec",2018,"processor","2018-2019",14,19.3380341880342
16,"Dec",2018,"processor","2018-2019",18,19.3380341880342
16.5,"Dec",2018,"processor","2018-2019",8,19.3380341880342
17,"Dec",2018,"processor","2018-2019",41,19.3380341880342
17.5,"Dec",2018,"processor","2018-2019",32,19.3380341880342
18,"Dec",2018,"processor","2018-2019",120,19.3380341880342
18.5,"Dec",2018,"processor","2018-2019",81,19.3380341880342
19,"Dec",2018,"processor","2018-2019",226,19.3380341880342
19.5,"Dec",2018,"processor","2018-2019",118,19.3380341880342
20,"Dec",2018,"processor","2018-2019",208,19.3380341880342
20.5,"Dec",2018,"processor","2018-2019",48,19.3380341880342
21,"Dec",2018,"processor","2018-2019",161,19.3380341880342
21.5,"Dec",2018,"processor","2018-2019",13,19.3380341880342
22,"Dec",2018,"processor","2018-2019",50,19.3380341880342
22.5,"Dec",2018,"processor","2018-2019",1,19.3380341880342
23,"Dec",2018,"processor","2018-2019",7,19.3380341880342
23.5,"Dec",2018,"processor","2018-2019",1,19.3380341880342
24,"Dec",2018,"processor","2018-2019",2,19.3380341880342
25,"Dec",2018,"processor","2018-2019",1,19.3380341880342
16,"Jan",2019,"processor","2018-2019",1,19.5125
17,"Jan",2019,"processor","2018-2019",5,19.5125
17.5,"Jan",2019,"processor","2018-2019",5,19.5125
18,"Jan",2019,"processor","2018-2019",12,19.5125
18.5,"Jan",2019,"processor","2018-2019",7,19.5125
19,"Jan",2019,"processor","2018-2019",25,19.5125
19.5,"Jan",2019,"processor","2018-2019",5,19.5125
20,"Jan",2019,"processor","2018-2019",27,19.5125
20.5,"Jan",2019,"processor","2018-2019",8,19.5125
21,"Jan",2019,"processor","2018-2019",17,19.5125
21.5,"Jan",2019,"processor","2018-2019",4,19.5125
22,"Jan",2019,"processor","2018-2019",4,19.5125
16.5,"Jul",2019,"fisher","2019-2020",2,20.0053598774885
17,"Jul",2019,"fisher","2019-2020",7,20.0053598774885
17.5,"Jul",2019,"fisher","2019-2020",12,20.0053598774885
18,"Jul",2019,"fisher","2019-2020",34,20.0053598774885
18.5,"Jul",2019,"fisher","2019-2020",46,20.0053598774885
19,"Jul",2019,"fisher","2019-2020",75,20.0053598774885
19.5,"Jul",2019,"fisher","2019-2020",105,20.0053598774885
20,"Jul",2019,"fisher","2019-2020",94,20.0053598774885
20.5,"Jul",2019,"fisher","2019-2020",100,20.0053598774885
21,"Jul",2019,"fisher","2019-2020",67,20.0053598774885
21.5,"Jul",2019,"fisher","2019-2020",57,20.0053598774885
22,"Jul",2019,"fisher","2019-2020",32,20.0053598774885
22.5,"Jul",2019,"fisher","2019-2020",15,20.0053598774885
23,"Jul",2019,"fisher","2019-2020",6,20.0053598774885
23.5,"Jul",2019,"fisher","2019-2020",0,20.0053598774885
24,"Jul",2019,"fisher","2019-2020",1,20.0053598774885
16,"Aug",2019,"fisher","2019-2020",4,20.5931558935361
16.5,"Aug",2019,"fisher","2019-2020",10,20.5931558935361
17,"Aug",2019,"fisher","2019-2020",25,20.5931558935361
17.5,"Aug",2019,"fisher","2019-2020",42,20.5931558935361
18,"Aug",2019,"fisher","2019-2020",62,20.5931558935361
18.5,"Aug",2019,"fisher","2019-2020",72,20.5931558935361
19,"Aug",2019,"fisher","2019-2020",120,20.5931558935361
19.5,"Aug",2019,"fisher","2019-2020",149,20.5931558935361
20,"Aug",2019,"fisher","2019-2020",247,20.5931558935361
20.5,"Aug",2019,"fisher","2019-2020",334,20.5931558935361
21,"Aug",2019,"fisher","2019-2020",373,20.5931558935361
21.5,"Aug",2019,"fisher","2019-2020",269,20.5931558935361
22,"Aug",2019,"fisher","2019-2020",193,20.5931558935361
22.5,"Aug",2019,"fisher","2019-2020",128,20.5931558935361
23,"Aug",2019,"fisher","2019-2020",43,20.5931558935361
23.5,"Aug",2019,"fisher","2019-2020",18,20.5931558935361
24,"Aug",2019,"fisher","2019-2020",12,20.5931558935361
24.5,"Aug",2019,"fisher","2019-2020",0,20.5931558935361
25,"Aug",2019,"fisher","2019-2020",1,20.5931558935361
25.5,"Aug",2019,"fisher","2019-2020",2,20.5931558935361
11,"Sep",2019,"fisher","2019-2020",18,19.9115625
11.5,"Sep",2019,"fisher","2019-2020",12,19.9115625
12,"Sep",2019,"fisher","2019-2020",17,19.9115625
12.5,"Sep",2019,"fisher","2019-2020",21,19.9115625
13,"Sep",2019,"fisher","2019-2020",14,19.9115625
13.5,"Sep",2019,"fisher","2019-2020",10,19.9115625
14,"Sep",2019,"fisher","2019-2020",0,19.9115625
14.5,"Sep",2019,"fisher","2019-2020",0,19.9115625
15,"Sep",2019,"fisher","2019-2020",0,19.9115625
15.5,"Sep",2019,"fisher","2019-2020",0,19.9115625
16,"Sep",2019,"fisher","2019-2020",6,19.9115625
16.5,"Sep",2019,"fisher","2019-2020",16,19.9115625
17,"Sep",2019,"fisher","2019-2020",33,19.9115625
17.5,"Sep",2019,"fisher","2019-2020",34,19.9115625
18,"Sep",2019,"fisher","2019-2020",76,19.9115625
18.5,"Sep",2019,"fisher","2019-2020",88,19.9115625
19,"Sep",2019,"fisher","2019-2020",102,19.9115625
19.5,"Sep",2019,"fisher","2019-2020",111,19.9115625
20,"Sep",2019,"fisher","2019-2020",164,19.9115625
20.5,"Sep",2019,"fisher","2019-2020",175,19.9115625
21,"Sep",2019,"fisher","2019-2020",235,19.9115625
21.5,"Sep",2019,"fisher","2019-2020",185,19.9115625
22,"Sep",2019,"fisher","2019-2020",152,19.9115625
22.5,"Sep",2019,"fisher","2019-2020",67,19.9115625
23,"Sep",2019,"fisher","2019-2020",37,19.9115625
23.5,"Sep",2019,"fisher","2019-2020",15,19.9115625
24,"Sep",2019,"fisher","2019-2020",9,19.9115625
24.5,"Sep",2019,"fisher","2019-2020",3,19.9115625
16,"Oct",2019,"fisher","2019-2020",2,20.234219269103
16.5,"Oct",2019,"fisher","2019-2020",14,20.234219269103
17,"Oct",2019,"fisher","2019-2020",39,20.234219269103
17.5,"Oct",2019,"fisher","2019-2020",21,20.234219269103
18,"Oct",2019,"fisher","2019-2020",31,20.234219269103
18.5,"Oct",2019,"fisher","2019-2020",29,20.234219269103
19,"Oct",2019,"fisher","2019-2020",37,20.234219269103
19.5,"Oct",2019,"fisher","2019-2020",37,20.234219269103
20,"Oct",2019,"fisher","2019-2020",50,20.234219269103
20.5,"Oct",2019,"fisher","2019-2020",48,20.234219269103
21,"Oct",2019,"fisher","2019-2020",109,20.234219269103
21.5,"Oct",2019,"fisher","2019-2020",55,20.234219269103
22,"Oct",2019,"fisher","2019-2020",70,20.234219269103
22.5,"Oct",2019,"fisher","2019-2020",33,20.234219269103
23,"Oct",2019,"fisher","2019-2020",17,20.234219269103
23.5,"Oct",2019,"fisher","2019-2020",5,20.234219269103
24,"Oct",2019,"fisher","2019-2020",1,20.234219269103
24.5,"Oct",2019,"fisher","2019-2020",4,20.234219269103
16,"Nov",2019,"fisher","2019-2020",4,18.9930167597765
16.5,"Nov",2019,"fisher","2019-2020",9,18.9930167597765
17,"Nov",2019,"fisher","2019-2020",28,18.9930167597765
17.5,"Nov",2019,"fisher","2019-2020",38,18.9930167597765
18,"Nov",2019,"fisher","2019-2020",45,18.9930167597765
18.5,"Nov",2019,"fisher","2019-2020",49,18.9930167597765
19,"Nov",2019,"fisher","2019-2020",43,18.9930167597765
19.5,"Nov",2019,"fisher","2019-2020",33,18.9930167597765
20,"Nov",2019,"fisher","2019-2020",37,18.9930167597765
20.5,"Nov",2019,"fisher","2019-2020",25,18.9930167597765
21,"Nov",2019,"fisher","2019-2020",24,18.9930167597765
21.5,"Nov",2019,"fisher","2019-2020",5,18.9930167597765
22,"Nov",2019,"fisher","2019-2020",6,18.9930167597765
22.5,"Nov",2019,"fisher","2019-2020",6,18.9930167597765
23,"Nov",2019,"fisher","2019-2020",6,18.9930167597765
15,"Dec",2019,"fisher","2019-2020",1,19.508904109589
15.5,"Dec",2019,"fisher","2019-2020",2,19.508904109589
16,"Dec",2019,"fisher","2019-2020",1,19.508904109589
16.5,"Dec",2019,"fisher","2019-2020",4,19.508904109589
17,"Dec",2019,"fisher","2019-2020",33,19.508904109589
17.5,"Dec",2019,"fisher","2019-2020",35,19.508904109589
18,"Dec",2019,"fisher","2019-2020",85,19.508904109589
18.5,"Dec",2019,"fisher","2019-2020",59,19.508904109589
19,"Dec",2019,"fisher","2019-2020",105,19.508904109589
19.5,"Dec",2019,"fisher","2019-2020",85,19.508904109589
20,"Dec",2019,"fisher","2019-2020",106,19.508904109589
20.5,"Dec",2019,"fisher","2019-2020",50,19.508904109589
21,"Dec",2019,"fisher","2019-2020",84,19.508904109589
21.5,"Dec",2019,"fisher","2019-2020",34,19.508904109589
22,"Dec",2019,"fisher","2019-2020",31,19.508904109589
22.5,"Dec",2019,"fisher","2019-2020",8,19.508904109589
23,"Dec",2019,"fisher","2019-2020",3,19.508904109589
23.5,"Dec",2019,"fisher","2019-2020",2,19.508904109589
24,"Dec",2019,"fisher","2019-2020",2,19.508904109589
17,"Jan",2020,"fisher","2019-2020",11,19.5967741935484
17.5,"Jan",2020,"fisher","2019-2020",4,19.5967741935484
18,"Jan",2020,"fisher","2019-2020",11,19.5967741935484
18.5,"Jan",2020,"fisher","2019-2020",15,19.5967741935484
19,"Jan",2020,"fisher","2019-2020",25,19.5967741935484
19.5,"Jan",2020,"fisher","2019-2020",21,19.5967741935484
20,"Jan",2020,"fisher","2019-2020",20,19.5967741935484
20.5,"Jan",2020,"fisher","2019-2020",11,19.5967741935484
21,"Jan",2020,"fisher","2019-2020",13,19.5967741935484
21.5,"Jan",2020,"fisher","2019-2020",15,19.5967741935484
22,"Jan",2020,"fisher","2019-2020",8,19.5967741935484
23.5,"Jan",2020,"fisher","2019-2020",1,19.5967741935484
13,"Feb",2020,"fisher","2019-2020",2,18.1629353233831
13.5,"Feb",2020,"fisher","2019-2020",2,18.1629353233831
14,"Feb",2020,"fisher","2019-2020",19,18.1629353233831
14.5,"Feb",2020,"fisher","2019-2020",19,18.1629353233831
15,"Feb",2020,"fisher","2019-2020",48,18.1629353233831
15.5,"Feb",2020,"fisher","2019-2020",18,18.1629353233831
16,"Feb",2020,"fisher","2019-2020",17,18.1629353233831
16.5,"Feb",2020,"fisher","2019-2020",4,18.1629353233831
17,"Feb",2020,"fisher","2019-2020",15,18.1629353233831
17.5,"Feb",2020,"fisher","2019-2020",12,18.1629353233831
18,"Feb",2020,"fisher","2019-2020",30,18.1629353233831
18.5,"Feb",2020,"fisher","2019-2020",15,18.1629353233831
19,"Feb",2020,"fisher","2019-2020",39,18.1629353233831
19.5,"Feb",2020,"fisher","2019-2020",16,18.1629353233831
20,"Feb",2020,"fisher","2019-2020",50,18.1629353233831
20.5,"Feb",2020,"fisher","2019-2020",28,18.1629353233831
21,"Feb",2020,"fisher","2019-2020",33,18.1629353233831
21.5,"Feb",2020,"fisher","2019-2020",17,18.1629353233831
22,"Feb",2020,"fisher","2019-2020",9,18.1629353233831
22.5,"Feb",2020,"fisher","2019-2020",6,18.1629353233831
23,"Feb",2020,"fisher","2019-2020",3,18.1629353233831
12.5,"Aug",2019,"processor","2019-2020",50,18.802952588351
14,"Aug",2019,"processor","2019-2020",96,18.802952588351
14.5,"Aug",2019,"processor","2019-2020",283,18.802952588351
15,"Aug",2019,"processor","2019-2020",3586,18.802952588351
15.5,"Aug",2019,"processor","2019-2020",5588,18.802952588351
16,"Aug",2019,"processor","2019-2020",6273,18.802952588351
16.5,"Aug",2019,"processor","2019-2020",9028,18.802952588351
17,"Aug",2019,"processor","2019-2020",15228,18.802952588351
17.5,"Aug",2019,"processor","2019-2020",11151,18.802952588351
18,"Aug",2019,"processor","2019-2020",19846,18.802952588351
18.5,"Aug",2019,"processor","2019-2020",14197,18.802952588351
19,"Aug",2019,"processor","2019-2020",19413,18.802952588351
19.5,"Aug",2019,"processor","2019-2020",12383,18.802952588351
20,"Aug",2019,"processor","2019-2020",24344,18.802952588351
20.5,"Aug",2019,"processor","2019-2020",8982,18.802952588351
21,"Aug",2019,"processor","2019-2020",18774,18.802952588351
21.5,"Aug",2019,"processor","2019-2020",4598,18.802952588351
22,"Aug",2019,"processor","2019-2020",5173,18.802952588351
22.5,"Aug",2019,"processor","2019-2020",1035,18.802952588351
23,"Aug",2019,"processor","2019-2020",777,18.802952588351
23.5,"Aug",2019,"processor","2019-2020",121,18.802952588351
13,"Sep",2019,"processor","2019-2020",48,18.9900944907111
14,"Sep",2019,"processor","2019-2020",441,18.9900944907111
14.5,"Sep",2019,"processor","2019-2020",278,18.9900944907111
15,"Sep",2019,"processor","2019-2020",1525,18.9900944907111
15.5,"Sep",2019,"processor","2019-2020",1130,18.9900944907111
16,"Sep",2019,"processor","2019-2020",5498,18.9900944907111
16.5,"Sep",2019,"processor","2019-2020",8369,18.9900944907111
17,"Sep",2019,"processor","2019-2020",15353,18.9900944907111
17.5,"Sep",2019,"processor","2019-2020",9956,18.9900944907111
18,"Sep",2019,"processor","2019-2020",11943,18.9900944907111
18.5,"Sep",2019,"processor","2019-2020",6565,18.9900944907111
19,"Sep",2019,"processor","2019-2020",7175,18.9900944907111
19.5,"Sep",2019,"processor","2019-2020",6024,18.9900944907111
20,"Sep",2019,"processor","2019-2020",9170,18.9900944907111
20.5,"Sep",2019,"processor","2019-2020",8530,18.9900944907111
21,"Sep",2019,"processor","2019-2020",13321,18.9900944907111
21.5,"Sep",2019,"processor","2019-2020",8234,18.9900944907111
22,"Sep",2019,"processor","2019-2020",6613,18.9900944907111
22.5,"Sep",2019,"processor","2019-2020",1911,18.9900944907111
23,"Sep",2019,"processor","2019-2020",1589,18.9900944907111
23.5,"Sep",2019,"processor","2019-2020",557,18.9900944907111
24,"Sep",2019,"processor","2019-2020",650,18.9900944907111
13,"Oct",2019,"processor","2019-2020",23,20.0601843746717
14,"Oct",2019,"processor","2019-2020",579,20.0601843746717
14.5,"Oct",2019,"processor","2019-2020",113,20.0601843746717
15,"Oct",2019,"processor","2019-2020",1622,20.0601843746717
15.5,"Oct",2019,"processor","2019-2020",440,20.0601843746717
16,"Oct",2019,"processor","2019-2020",2759,20.0601843746717
16.5,"Oct",2019,"processor","2019-2020",1410,20.0601843746717
17,"Oct",2019,"processor","2019-2020",7369,20.0601843746717
17.5,"Oct",2019,"processor","2019-2020",4232,20.0601843746717
18,"Oct",2019,"processor","2019-2020",14179,20.0601843746717
18.5,"Oct",2019,"processor","2019-2020",7197,20.0601843746717
19,"Oct",2019,"processor","2019-2020",21293,20.0601843746717
19.5,"Oct",2019,"processor","2019-2020",15265,20.0601843746717
20,"Oct",2019,"processor","2019-2020",25188,20.0601843746717
20.5,"Oct",2019,"processor","2019-2020",21536,20.0601843746717
21,"Oct",2019,"processor","2019-2020",25946,20.0601843746717
21.5,"Oct",2019,"processor","2019-2020",17240,20.0601843746717
22,"Oct",2019,"processor","2019-2020",17246,20.0601843746717
22.5,"Oct",2019,"processor","2019-2020",9497,20.0601843746717
23,"Oct",2019,"processor","2019-2020",3959,20.0601843746717
23.5,"Oct",2019,"processor","2019-2020",2298,20.0601843746717
24,"Oct",2019,"processor","2019-2020",306,20.0601843746717
25,"Oct",2019,"processor","2019-2020",116,20.0601843746717
25.5,"Oct",2019,"processor","2019-2020",106,20.0601843746717
14,"Nov",2019,"processor","2019-2020",48,19.5015432652622
15,"Nov",2019,"processor","2019-2020",558,19.5015432652622
15.5,"Nov",2019,"processor","2019-2020",713,19.5015432652622
16,"Nov",2019,"processor","2019-2020",3364,19.5015432652622
16.5,"Nov",2019,"processor","2019-2020",4391,19.5015432652622
17,"Nov",2019,"processor","2019-2020",8225,19.5015432652622
17.5,"Nov",2019,"processor","2019-2020",9141,19.5015432652622
18,"Nov",2019,"processor","2019-2020",15679,19.5015432652622
18.5,"Nov",2019,"processor","2019-2020",12621,19.5015432652622
19,"Nov",2019,"processor","2019-2020",19214,19.5015432652622
19.5,"Nov",2019,"processor","2019-2020",16203,19.5015432652622
20,"Nov",2019,"processor","2019-2020",20843,19.5015432652622
20.5,"Nov",2019,"processor","2019-2020",12696,19.5015432652622
21,"Nov",2019,"processor","2019-2020",18228,19.5015432652622
21.5,"Nov",2019,"processor","2019-2020",9102,19.5015432652622
22,"Nov",2019,"processor","2019-2020",9395,19.5015432652622
22.5,"Nov",2019,"processor","2019-2020",3528,19.5015432652622
23,"Nov",2019,"processor","2019-2020",1622,19.5015432652622
23.5,"Nov",2019,"processor","2019-2020",727,19.5015432652622
24,"Nov",2019,"processor","2019-2020",594,19.5015432652622
24.5,"Nov",2019,"processor","2019-2020",286,19.5015432652622
12.5,"Dec",2019,"processor","2019-2020",24,19.2324658111188
14,"Dec",2019,"processor","2019-2020",261,19.2324658111188
14.5,"Dec",2019,"processor","2019-2020",499,19.2324658111188
15,"Dec",2019,"processor","2019-2020",749,19.2324658111188
15.5,"Dec",2019,"processor","2019-2020",1082,19.2324658111188
16,"Dec",2019,"processor","2019-2020",2205,19.2324658111188
16.5,"Dec",2019,"processor","2019-2020",2581,19.2324658111188
17,"Dec",2019,"processor","2019-2020",4934,19.2324658111188
17.5,"Dec",2019,"processor","2019-2020",4412,19.2324658111188
18,"Dec",2019,"processor","2019-2020",6808,19.2324658111188
18.5,"Dec",2019,"processor","2019-2020",4761,19.2324658111188
19,"Dec",2019,"processor","2019-2020",8355,19.2324658111188
19.5,"Dec",2019,"processor","2019-2020",9182,19.2324658111188
20,"Dec",2019,"processor","2019-2020",11846,19.2324658111188
20.5,"Dec",2019,"processor","2019-2020",6898,19.2324658111188
21,"Dec",2019,"processor","2019-2020",7519,19.2324658111188
21.5,"Dec",2019,"processor","2019-2020",3165,19.2324658111188
22,"Dec",2019,"processor","2019-2020",4307,19.2324658111188
22.5,"Dec",2019,"processor","2019-2020",427,19.2324658111188
23,"Dec",2019,"processor","2019-2020",254,19.2324658111188
23.5,"Dec",2019,"processor","2019-2020",110,19.2324658111188
24,"Dec",2019,"processor","2019-2020",113,19.2324658111188
26,"Dec",2019,"processor","2019-2020",116,19.2324658111188
27,"Dec",2019,"processor","2019-2020",120,19.2324658111188
15,"Jan",2020,"processor","2019-2020",77,19.3094087715613
15.5,"Jan",2020,"processor","2019-2020",147,19.3094087715613
16,"Jan",2020,"processor","2019-2020",951,19.3094087715613
16.5,"Jan",2020,"processor","2019-2020",846,19.3094087715613
17,"Jan",2020,"processor","2019-2020",4601,19.3094087715613
17.5,"Jan",2020,"processor","2019-2020",2149,19.3094087715613
18,"Jan",2020,"processor","2019-2020",11231,19.3094087715613
18.5,"Jan",2020,"processor","2019-2020",6914,19.3094087715613
19,"Jan",2020,"processor","2019-2020",15730,19.3094087715613
19.5,"Jan",2020,"processor","2019-2020",8459,19.3094087715613
20,"Jan",2020,"processor","2019-2020",16483,19.3094087715613
20.5,"Jan",2020,"processor","2019-2020",4359,19.3094087715613
21,"Jan",2020,"processor","2019-2020",8848,19.3094087715613
21.5,"Jan",2020,"processor","2019-2020",1742,19.3094087715613
22,"Jan",2020,"processor","2019-2020",2482,19.3094087715613
23,"Jan",2020,"processor","2019-2020",667,19.3094087715613
17,"Feb",2020,"processor","2019-2020",48,20.0514449427005
17.5,"Feb",2020,"processor","2019-2020",45,20.0514449427005
18,"Feb",2020,"processor","2019-2020",150,20.0514449427005
18.5,"Feb",2020,"processor","2019-2020",219,20.0514449427005
19,"Feb",2020,"processor","2019-2020",348,20.0514449427005
19.5,"Feb",2020,"processor","2019-2020",244,20.0514449427005
20,"Feb",2020,"processor","2019-2020",1349,20.0514449427005
20.5,"Feb",2020,"processor","2019-2020",522,20.0514449427005
21,"Feb",2020,"processor","2019-2020",835,20.0514449427005
21.5,"Feb",2020,"processor","2019-2020",85,20.0514449427005
22,"Feb",2020,"processor","2019-2020",169,20.0514449427005
15,"Jul",2020,"fisher","2020-2021",0,19.8753161355589
15.5,"Jul",2020,"fisher","2020-2021",1,19.8753161355589
16,"Jul",2020,"fisher","2020-2021",11,19.8753161355589
16.5,"Jul",2020,"fisher","2020-2021",18,19.8753161355589
17,"Jul",2020,"fisher","2020-2021",58,19.8753161355589
17.5,"Jul",2020,"fisher","2020-2021",101,19.8753161355589
18,"Jul",2020,"fisher","2020-2021",149,19.8753161355589
18.5,"Jul",2020,"fisher","2020-2021",153,19.8753161355589
19,"Jul",2020,"fisher","2020-2021",175,19.8753161355589
19.5,"Jul",2020,"fisher","2020-2021",153,19.8753161355589
20,"Jul",2020,"fisher","2020-2021",252,19.8753161355589
20.5,"Jul",2020,"fisher","2020-2021",238,19.8753161355589
21,"Jul",2020,"fisher","2020-2021",341,19.8753161355589
21.5,"Jul",2020,"fisher","2020-2021",145,19.8753161355589
22,"Jul",2020,"fisher","2020-2021",144,19.8753161355589
22.5,"Jul",2020,"fisher","2020-2021",21,19.8753161355589
23,"Jul",2020,"fisher","2020-2021",14,19.8753161355589
23.5,"Jul",2020,"fisher","2020-2021",3,19.8753161355589
15,"Aug",2020,"fisher","2020-2021",0,20.0787259615385
15.5,"Aug",2020,"fisher","2020-2021",0,20.0787259615385
16,"Aug",2020,"fisher","2020-2021",1,20.0787259615385
16.5,"Aug",2020,"fisher","2020-2021",1,20.0787259615385
17,"Aug",2020,"fisher","2020-2021",26,20.0787259615385
17.5,"Aug",2020,"fisher","2020-2021",54,20.0787259615385
18,"Aug",2020,"fisher","2020-2021",85,20.0787259615385
18.5,"Aug",2020,"fisher","2020-2021",87,20.0787259615385
19,"Aug",2020,"fisher","2020-2021",178,20.0787259615385
19.5,"Aug",2020,"fisher","2020-2021",177,20.0787259615385
20,"Aug",2020,"fisher","2020-2021",268,20.0787259615385
20.5,"Aug",2020,"fisher","2020-2021",267,20.0787259615385
21,"Aug",2020,"fisher","2020-2021",241,20.0787259615385
21.5,"Aug",2020,"fisher","2020-2021",115,20.0787259615385
22,"Aug",2020,"fisher","2020-2021",109,20.0787259615385
22.5,"Aug",2020,"fisher","2020-2021",32,20.0787259615385
23,"Aug",2020,"fisher","2020-2021",15,20.0787259615385
23.5,"Aug",2020,"fisher","2020-2021",7,20.0787259615385
24,"Aug",2020,"fisher","2020-2021",1,20.0787259615385
15,"Sep",2020,"fisher","2020-2021",0,20.2284429914181
15.5,"Sep",2020,"fisher","2020-2021",4,20.2284429914181
16,"Sep",2020,"fisher","2020-2021",0,20.2284429914181
16.5,"Sep",2020,"fisher","2020-2021",19,20.2284429914181
17,"Sep",2020,"fisher","2020-2021",40,20.2284429914181
17.5,"Sep",2020,"fisher","2020-2021",62,20.2284429914181
18,"Sep",2020,"fisher","2020-2021",104,20.2284429914181
18.5,"Sep",2020,"fisher","2020-2021",187,20.2284429914181
19,"Sep",2020,"fisher","2020-2021",218,20.2284429914181
19.5,"Sep",2020,"fisher","2020-2021",244,20.2284429914181
20,"Sep",2020,"fisher","2020-2021",312,20.2284429914181
20.5,"Sep",2020,"fisher","2020-2021",312,20.2284429914181
21,"Sep",2020,"fisher","2020-2021",316,20.2284429914181
21.5,"Sep",2020,"fisher","2020-2021",251,20.2284429914181
22,"Sep",2020,"fisher","2020-2021",191,20.2284429914181
22.5,"Sep",2020,"fisher","2020-2021",114,20.2284429914181
23,"Sep",2020,"fisher","2020-2021",52,20.2284429914181
23.5,"Sep",2020,"fisher","2020-2021",18,20.2284429914181
24,"Sep",2020,"fisher","2020-2021",2,20.2284429914181
24.5,"Sep",2020,"fisher","2020-2021",1,20.2284429914181
15,"Oct",2020,"fisher","2020-2021",0,20.2767295597484
15.5,"Oct",2020,"fisher","2020-2021",0,20.2767295597484
16,"Oct",2020,"fisher","2020-2021",3,20.2767295597484
16.5,"Oct",2020,"fisher","2020-2021",15,20.2767295597484
17,"Oct",2020,"fisher","2020-2021",21,20.2767295597484
17.5,"Oct",2020,"fisher","2020-2021",39,20.2767295597484
18,"Oct",2020,"fisher","2020-2021",50,20.2767295597484
18.5,"Oct",2020,"fisher","2020-2021",56,20.2767295597484
19,"Oct",2020,"fisher","2020-2021",63,20.2767295597484
19.5,"Oct",2020,"fisher","2020-2021",65,20.2767295597484
20,"Oct",2020,"fisher","2020-2021",100,20.2767295597484
20.5,"Oct",2020,"fisher","2020-2021",124,20.2767295597484
21,"Oct",2020,"fisher","2020-2021",140,20.2767295597484
21.5,"Oct",2020,"fisher","2020-2021",104,20.2767295597484
22,"Oct",2020,"fisher","2020-2021",97,20.2767295597484
22.5,"Oct",2020,"fisher","2020-2021",39,20.2767295597484
23,"Oct",2020,"fisher","2020-2021",30,20.2767295597484
23.5,"Oct",2020,"fisher","2020-2021",6,20.2767295597484
24,"Oct",2020,"fisher","2020-2021",2,20.2767295597484
15,"Nov",2020,"fisher","2020-2021",0,19.5944881889764
15.5,"Nov",2020,"fisher","2020-2021",1,19.5944881889764
16,"Nov",2020,"fisher","2020-2021",7,19.5944881889764
16.5,"Nov",2020,"fisher","2020-2021",13,19.5944881889764
17,"Nov",2020,"fisher","2020-2021",41,19.5944881889764
17.5,"Nov",2020,"fisher","2020-2021",86,19.5944881889764
18,"Nov",2020,"fisher","2020-2021",128,19.5944881889764
18.5,"Nov",2020,"fisher","2020-2021",130,19.5944881889764
19,"Nov",2020,"fisher","2020-2021",165,19.5944881889764
19.5,"Nov",2020,"fisher","2020-2021",109,19.5944881889764
20,"Nov",2020,"fisher","2020-2021",134,19.5944881889764
20.5,"Nov",2020,"fisher","2020-2021",133,19.5944881889764
21,"Nov",2020,"fisher","2020-2021",121,19.5944881889764
21.5,"Nov",2020,"fisher","2020-2021",107,19.5944881889764
22,"Nov",2020,"fisher","2020-2021",48,19.5944881889764
22.5,"Nov",2020,"fisher","2020-2021",31,19.5944881889764
23,"Nov",2020,"fisher","2020-2021",13,19.5944881889764
23.5,"Nov",2020,"fisher","2020-2021",2,19.5944881889764
24,"Nov",2020,"fisher","2020-2021",1,19.5944881889764
15,"Dec",2020,"fisher","2020-2021",0,18.6771894093686
15.5,"Dec",2020,"fisher","2020-2021",23,18.6771894093686
16,"Dec",2020,"fisher","2020-2021",13,18.6771894093686
16.5,"Dec",2020,"fisher","2020-2021",16,18.6771894093686
17,"Dec",2020,"fisher","2020-2021",25,18.6771894093686
17.5,"Dec",2020,"fisher","2020-2021",57,18.6771894093686
18,"Dec",2020,"fisher","2020-2021",58,18.6771894093686
18.5,"Dec",2020,"fisher","2020-2021",60,18.6771894093686
19,"Dec",2020,"fisher","2020-2021",62,18.6771894093686
19.5,"Dec",2020,"fisher","2020-2021",59,18.6771894093686
20,"Dec",2020,"fisher","2020-2021",42,18.6771894093686
20.5,"Dec",2020,"fisher","2020-2021",30,18.6771894093686
21,"Dec",2020,"fisher","2020-2021",29,18.6771894093686
21.5,"Dec",2020,"fisher","2020-2021",7,18.6771894093686
22,"Dec",2020,"fisher","2020-2021",5,18.6771894093686
22.5,"Dec",2020,"fisher","2020-2021",5,18.6771894093686
23,"Dec",2020,"fisher","2020-2021",0,18.6771894093686
23.5,"Dec",2020,"fisher","2020-2021",0,18.6771894093686
24,"Dec",2020,"fisher","2020-2021",0,18.6771894093686
16,"Jan",2020,"processor","2020-2021",90,19.2188133727331
16.5,"Jan",2020,"processor","2020-2021",63,19.2188133727331
17,"Jan",2020,"processor","2020-2021",1298,19.2188133727331
17.5,"Jan",2020,"processor","2020-2021",1798,19.2188133727331
18,"Jan",2020,"processor","2020-2021",6256,19.2188133727331
18.5,"Jan",2020,"processor","2020-2021",6136,19.2188133727331
19,"Jan",2020,"processor","2020-2021",11331,19.2188133727331
19.5,"Jan",2020,"processor","2020-2021",9789,19.2188133727331
20,"Jan",2020,"processor","2020-2021",14536,19.2188133727331
20.5,"Jan",2020,"processor","2020-2021",8571,19.2188133727331
21,"Jan",2020,"processor","2020-2021",8965,19.2188133727331
21.5,"Jan",2020,"processor","2020-2021",3893,19.2188133727331
22,"Jan",2020,"processor","2020-2021",3370,19.2188133727331
22.5,"Jan",2020,"processor","2020-2021",267,19.2188133727331
14,"Jul",2020,"processor","2020-2021",27,19.8023391292955
14.5,"Jul",2020,"processor","2020-2021",103,19.8023391292955
15,"Jul",2020,"processor","2020-2021",999,19.8023391292955
15.5,"Jul",2020,"processor","2020-2021",571,19.8023391292955
16,"Jul",2020,"processor","2020-2021",2716,19.8023391292955
16.5,"Jul",2020,"processor","2020-2021",1570,19.8023391292955
17,"Jul",2020,"processor","2020-2021",8456,19.8023391292955
17.5,"Jul",2020,"processor","2020-2021",5435,19.8023391292955
18,"Jul",2020,"processor","2020-2021",15696,19.8023391292955
18.5,"Jul",2020,"processor","2020-2021",9823,19.8023391292955
19,"Jul",2020,"processor","2020-2021",26313,19.8023391292955
19.5,"Jul",2020,"processor","2020-2021",23603,19.8023391292955
20,"Jul",2020,"processor","2020-2021",35947,19.8023391292955
20.5,"Jul",2020,"processor","2020-2021",25509,19.8023391292955
21,"Jul",2020,"processor","2020-2021",21662,19.8023391292955
21.5,"Jul",2020,"processor","2020-2021",14418,19.8023391292955
22,"Jul",2020,"processor","2020-2021",10804,19.8023391292955
22.5,"Jul",2020,"processor","2020-2021",6072,19.8023391292955
23,"Jul",2020,"processor","2020-2021",2485,19.8023391292955
23.5,"Jul",2020,"processor","2020-2021",1385,19.8023391292955
24,"Jul",2020,"processor","2020-2021",118,19.8023391292955
13.5,"Aug",2020,"processor","2020-2021",33,19.572565659986
14,"Aug",2020,"processor","2020-2021",745,19.572565659986
14.5,"Aug",2020,"processor","2020-2021",372,19.572565659986
15,"Aug",2020,"processor","2020-2021",2156,19.572565659986
15.5,"Aug",2020,"processor","2020-2021",1767,19.572565659986
16,"Aug",2020,"processor","2020-2021",4534,19.572565659986
16.5,"Aug",2020,"processor","2020-2021",5409,19.572565659986
17,"Aug",2020,"processor","2020-2021",13339,19.572565659986
17.5,"Aug",2020,"processor","2020-2021",9418,19.572565659986
18,"Aug",2020,"processor","2020-2021",22933,19.572565659986
18.5,"Aug",2020,"processor","2020-2021",13535,19.572565659986
19,"Aug",2020,"processor","2020-2021",27555,19.572565659986
19.5,"Aug",2020,"processor","2020-2021",18041,19.572565659986
20,"Aug",2020,"processor","2020-2021",28133,19.572565659986
20.5,"Aug",2020,"processor","2020-2021",20897,19.572565659986
21,"Aug",2020,"processor","2020-2021",22586,19.572565659986
21.5,"Aug",2020,"processor","2020-2021",17041,19.572565659986
22,"Aug",2020,"processor","2020-2021",12779,19.572565659986
22.5,"Aug",2020,"processor","2020-2021",7139,19.572565659986
23,"Aug",2020,"processor","2020-2021",4181,19.572565659986
23.5,"Aug",2020,"processor","2020-2021",2774,19.572565659986
24,"Aug",2020,"processor","2020-2021",795,19.572565659986
24.5,"Aug",2020,"processor","2020-2021",93,19.572565659986
13.5,"Sep",2020,"processor","2020-2021",34,20.0113434011369
14,"Sep",2020,"processor","2020-2021",181,20.0113434011369
14.5,"Sep",2020,"processor","2020-2021",591,20.0113434011369
15,"Sep",2020,"processor","2020-2021",2252,20.0113434011369
15.5,"Sep",2020,"processor","2020-2021",2584,20.0113434011369
16,"Sep",2020,"processor","2020-2021",4471,20.0113434011369
16.5,"Sep",2020,"processor","2020-2021",2964,20.0113434011369
17,"Sep",2020,"processor","2020-2021",8951,20.0113434011369
17.5,"Sep",2020,"processor","2020-2021",3312,20.0113434011369
18,"Sep",2020,"processor","2020-2021",15487,20.0113434011369
18.5,"Sep",2020,"processor","2020-2021",8627,20.0113434011369
19,"Sep",2020,"processor","2020-2021",23248,20.0113434011369
19.5,"Sep",2020,"processor","2020-2021",16193,20.0113434011369
20,"Sep",2020,"processor","2020-2021",31808,20.0113434011369
20.5,"Sep",2020,"processor","2020-2021",22227,20.0113434011369
21,"Sep",2020,"processor","2020-2021",31261,20.0113434011369
21.5,"Sep",2020,"processor","2020-2021",19757,20.0113434011369
22,"Sep",2020,"processor","2020-2021",20608,20.0113434011369
22.5,"Sep",2020,"processor","2020-2021",9065,20.0113434011369
23,"Sep",2020,"processor","2020-2021",6183,20.0113434011369
23.5,"Sep",2020,"processor","2020-2021",2446,20.0113434011369
24,"Sep",2020,"processor","2020-2021",1018,20.0113434011369
24.5,"Sep",2020,"processor","2020-2021",130,20.0113434011369
25,"Sep",2020,"processor","2020-2021",218,20.0113434011369
13.5,"Oct",2020,"processor","2020-2021",187,19.3428799555648
14,"Oct",2020,"processor","2020-2021",669,19.3428799555648
14.5,"Oct",2020,"processor","2020-2021",899,19.3428799555648
15,"Oct",2020,"processor","2020-2021",2681,19.3428799555648
15.5,"Oct",2020,"processor","2020-2021",2391,19.3428799555648
16,"Oct",2020,"processor","2020-2021",5569,19.3428799555648
16.5,"Oct",2020,"processor","2020-2021",1694,19.3428799555648
17,"Oct",2020,"processor","2020-2021",9534,19.3428799555648
17.5,"Oct",2020,"processor","2020-2021",4462,19.3428799555648
18,"Oct",2020,"processor","2020-2021",14644,19.3428799555648
18.5,"Oct",2020,"processor","2020-2021",11813,19.3428799555648
19,"Oct",2020,"processor","2020-2021",13814,19.3428799555648
19.5,"Oct",2020,"processor","2020-2021",12199,19.3428799555648
20,"Oct",2020,"processor","2020-2021",14051,19.3428799555648
20.5,"Oct",2020,"processor","2020-2021",10645,19.3428799555648
21,"Oct",2020,"processor","2020-2021",12507,19.3428799555648
21.5,"Oct",2020,"processor","2020-2021",9160,19.3428799555648
22,"Oct",2020,"processor","2020-2021",7591,19.3428799555648
22.5,"Oct",2020,"processor","2020-2021",4559,19.3428799555648
23,"Oct",2020,"processor","2020-2021",2832,19.3428799555648
23.5,"Oct",2020,"processor","2020-2021",1378,19.3428799555648
24,"Oct",2020,"processor","2020-2021",542,19.3428799555648
24.5,"Oct",2020,"processor","2020-2021",209,19.3428799555648
12.5,"Nov",2020,"processor","2020-2021",29,18.7403343301187
13,"Nov",2020,"processor","2020-2021",164,18.7403343301187
13.5,"Nov",2020,"processor","2020-2021",183,18.7403343301187
14,"Nov",2020,"processor","2020-2021",934,18.7403343301187
14.5,"Nov",2020,"processor","2020-2021",854,18.7403343301187
15,"Nov",2020,"processor","2020-2021",5482,18.7403343301187
15.5,"Nov",2020,"processor","2020-2021",2857,18.7403343301187
16,"Nov",2020,"processor","2020-2021",11188,18.7403343301187
16.5,"Nov",2020,"processor","2020-2021",5039,18.7403343301187
17,"Nov",2020,"processor","2020-2021",23525,18.7403343301187
17.5,"Nov",2020,"processor","2020-2021",11134,18.7403343301187
18,"Nov",2020,"processor","2020-2021",30594,18.7403343301187
18.5,"Nov",2020,"processor","2020-2021",14368,18.7403343301187
19,"Nov",2020,"processor","2020-2021",31177,18.7403343301187
19.5,"Nov",2020,"processor","2020-2021",10711,18.7403343301187
20,"Nov",2020,"processor","2020-2021",24692,18.7403343301187
20.5,"Nov",2020,"processor","2020-2021",7834,18.7403343301187
21,"Nov",2020,"processor","2020-2021",18035,18.7403343301187
21.5,"Nov",2020,"processor","2020-2021",5925,18.7403343301187
22,"Nov",2020,"processor","2020-2021",7130,18.7403343301187
22.5,"Nov",2020,"processor","2020-2021",2823,18.7403343301187
23,"Nov",2020,"processor","2020-2021",1501,18.7403343301187
23.5,"Nov",2020,"processor","2020-2021",640,18.7403343301187
24,"Nov",2020,"processor","2020-2021",94,18.7403343301187
24.5,"Nov",2020,"processor","2020-2021",118,18.7403343301187
12.5,"Dec",2020,"processor","2020-2021",18,18.8593295484182
13.5,"Dec",2020,"processor","2020-2021",73,18.8593295484182
14,"Dec",2020,"processor","2020-2021",370,18.8593295484182
14.5,"Dec",2020,"processor","2020-2021",315,18.8593295484182
15,"Dec",2020,"processor","2020-2021",2856,18.8593295484182
15.5,"Dec",2020,"processor","2020-2021",833,18.8593295484182
16,"Dec",2020,"processor","2020-2021",7151,18.8593295484182
16.5,"Dec",2020,"processor","2020-2021",3788,18.8593295484182
17,"Dec",2020,"processor","2020-2021",15675,18.8593295484182
17.5,"Dec",2020,"processor","2020-2021",11195,18.8593295484182
18,"Dec",2020,"processor","2020-2021",28774,18.8593295484182
18.5,"Dec",2020,"processor","2020-2021",20958,18.8593295484182
19,"Dec",2020,"processor","2020-2021",32887,18.8593295484182
19.5,"Dec",2020,"processor","2020-2021",16498,18.8593295484182
20,"Dec",2020,"processor","2020-2021",23000,18.8593295484182
20.5,"Dec",2020,"processor","2020-2021",8638,18.8593295484182
21,"Dec",2020,"processor","2020-2021",13999,18.8593295484182
21.5,"Dec",2020,"processor","2020-2021",6001,18.8593295484182
22,"Dec",2020,"processor","2020-2021",4087,18.8593295484182
22.5,"Dec",2020,"processor","2020-2021",980,18.8593295484182
23,"Dec",2020,"processor","2020-2021",1005,18.8593295484182
23.5,"Dec",2020,"processor","2020-2021",101,18.8593295484182
24,"Dec",2020,"processor","2020-2021",92,18.8593295484182
25,"Dec",2020,"processor","2020-2021",94,18.8593295484182
13.5,"Jan",2021,"processor","2020-2021",42,19.2188133727331
14.5,"Jan",2021,"processor","2020-2021",240,19.2188133727331
15,"Jan",2021,"processor","2020-2021",1712,19.2188133727331
15.5,"Jan",2021,"processor","2020-2021",3022,19.2188133727331
16,"Jan",2021,"processor","2020-2021",1510,19.2188133727331
16.5,"Jan",2021,"processor","2020-2021",2776,19.2188133727331
17,"Jan",2021,"processor","2020-2021",1476,19.2188133727331
17.5,"Jan",2021,"processor","2020-2021",6100,19.2188133727331
18,"Jan",2021,"processor","2020-2021",8663,19.2188133727331
18.5,"Jan",2021,"processor","2020-2021",15743,19.2188133727331
19,"Jan",2021,"processor","2020-2021",8974,19.2188133727331
19.5,"Jan",2021,"processor","2020-2021",10773,19.2188133727331
20,"Jan",2021,"processor","2020-2021",5811,19.2188133727331
20.5,"Jan",2021,"processor","2020-2021",4516,19.2188133727331
21,"Jan",2021,"processor","2020-2021",3395,19.2188133727331
21.5,"Jan",2021,"processor","2020-2021",2492,19.2188133727331
22,"Jan",2021,"processor","2020-2021",1012,19.2188133727331
22.5,"Jan",2021,"processor","2020-2021",169,19.2188133727331
23,"Jan",2021,"processor","2020-2021",353,19.2188133727331
23.5,"Jan",2021,"processor","2020-2021",189,19.2188133727331
15.5,"Jul",2021,"fisher","2021-2022",1,20.0326704545455
16,"Jul",2021,"fisher","2021-2022",1,20.0326704545455
16.5,"Jul",2021,"fisher","2021-2022",3,20.0326704545455
17,"Jul",2021,"fisher","2021-2022",4,20.0326704545455
17.5,"Jul",2021,"fisher","2021-2022",4,20.0326704545455
18,"Jul",2021,"fisher","2021-2022",6,20.0326704545455
18.5,"Jul",2021,"fisher","2021-2022",11,20.0326704545455
19,"Jul",2021,"fisher","2021-2022",45,20.0326704545455
19.5,"Jul",2021,"fisher","2021-2022",65,20.0326704545455
20,"Jul",2021,"fisher","2021-2022",76,20.0326704545455
20.5,"Jul",2021,"fisher","2021-2022",58,20.0326704545455
21,"Jul",2021,"fisher","2021-2022",30,20.0326704545455
21.5,"Jul",2021,"fisher","2021-2022",18,20.0326704545455
22,"Jul",2021,"fisher","2021-2022",16,20.0326704545455
22.5,"Jul",2021,"fisher","2021-2022",5,20.0326704545455
23,"Jul",2021,"fisher","2021-2022",7,20.0326704545455
23.5,"Jul",2021,"fisher","2021-2022",2,20.0326704545455
16,"Aug",2021,"fisher","2021-2022",4,20.1259445843829
16.5,"Aug",2021,"fisher","2021-2022",5,20.1259445843829
17,"Aug",2021,"fisher","2021-2022",5,20.1259445843829
17.5,"Aug",2021,"fisher","2021-2022",3,20.1259445843829
18,"Aug",2021,"fisher","2021-2022",10,20.1259445843829
18.5,"Aug",2021,"fisher","2021-2022",23,20.1259445843829
19,"Aug",2021,"fisher","2021-2022",43,20.1259445843829
19.5,"Aug",2021,"fisher","2021-2022",52,20.1259445843829
20,"Aug",2021,"fisher","2021-2022",78,20.1259445843829
20.5,"Aug",2021,"fisher","2021-2022",41,20.1259445843829
21,"Aug",2021,"fisher","2021-2022",53,20.1259445843829
21.5,"Aug",2021,"fisher","2021-2022",38,20.1259445843829
22,"Aug",2021,"fisher","2021-2022",24,20.1259445843829
22.5,"Aug",2021,"fisher","2021-2022",9,20.1259445843829
23,"Aug",2021,"fisher","2021-2022",6,20.1259445843829
23.5,"Aug",2021,"fisher","2021-2022",3,20.1259445843829
16.5,"Sep",2021,"fisher","2021-2022",4,20.3274336283186
17,"Sep",2021,"fisher","2021-2022",1,20.3274336283186
17.5,"Sep",2021,"fisher","2021-2022",3,20.3274336283186
18,"Sep",2021,"fisher","2021-2022",4,20.3274336283186
18.5,"Sep",2021,"fisher","2021-2022",15,20.3274336283186
19,"Sep",2021,"fisher","2021-2022",26,20.3274336283186
19.5,"Sep",2021,"fisher","2021-2022",23,20.3274336283186
20,"Sep",2021,"fisher","2021-2022",31,20.3274336283186
20.5,"Sep",2021,"fisher","2021-2022",27,20.3274336283186
21,"Sep",2021,"fisher","2021-2022",39,20.3274336283186
21.5,"Sep",2021,"fisher","2021-2022",16,20.3274336283186
22,"Sep",2021,"fisher","2021-2022",16,20.3274336283186
22.5,"Sep",2021,"fisher","2021-2022",14,20.3274336283186
23,"Sep",2021,"fisher","2021-2022",4,20.3274336283186
23.5,"Sep",2021,"fisher","2021-2022",2,20.3274336283186
24,"Sep",2021,"fisher","2021-2022",1,20.3274336283186
18.5,"Oct",2021,"fisher","2021-2022",1,20.6560846560847
19,"Oct",2021,"fisher","2021-2022",19,20.6560846560847
19.5,"Oct",2021,"fisher","2021-2022",27,20.6560846560847
20,"Oct",2021,"fisher","2021-2022",32,20.6560846560847
20.5,"Oct",2021,"fisher","2021-2022",32,20.6560846560847
21,"Oct",2021,"fisher","2021-2022",22,20.6560846560847
21.5,"Oct",2021,"fisher","2021-2022",17,20.6560846560847
22,"Oct",2021,"fisher","2021-2022",22,20.6560846560847
22.5,"Oct",2021,"fisher","2021-2022",8,20.6560846560847
23,"Oct",2021,"fisher","2021-2022",4,20.6560846560847
23.5,"Oct",2021,"fisher","2021-2022",3,20.6560846560847
24,"Oct",2021,"fisher","2021-2022",2,20.6560846560847
13.5,"Nov",2021,"fisher","2021-2022",2,19.422619047619
14,"Nov",2021,"fisher","2021-2022",1,19.422619047619
14.5,"Nov",2021,"fisher","2021-2022",2,19.422619047619
15,"Nov",2021,"fisher","2021-2022",3,19.422619047619
15.5,"Nov",2021,"fisher","2021-2022",1,19.422619047619
16,"Nov",2021,"fisher","2021-2022",4,19.422619047619
16.5,"Nov",2021,"fisher","2021-2022",7,19.422619047619
17,"Nov",2021,"fisher","2021-2022",10,19.422619047619
17.5,"Nov",2021,"fisher","2021-2022",16,19.422619047619
18,"Nov",2021,"fisher","2021-2022",15,19.422619047619
18.5,"Nov",2021,"fisher","2021-2022",26,19.422619047619
19,"Nov",2021,"fisher","2021-2022",43,19.422619047619
19.5,"Nov",2021,"fisher","2021-2022",50,19.422619047619
20,"Nov",2021,"fisher","2021-2022",57,19.422619047619
20.5,"Nov",2021,"fisher","2021-2022",38,19.422619047619
21,"Nov",2021,"fisher","2021-2022",32,19.422619047619
21.5,"Nov",2021,"fisher","2021-2022",15,19.422619047619
22,"Nov",2021,"fisher","2021-2022",11,19.422619047619
22.5,"Nov",2021,"fisher","2021-2022",3,19.422619047619
12.5,"Dec",2021,"fisher","2021-2022",2,18.7901554404145
13,"Dec",2021,"fisher","2021-2022",1,18.7901554404145
13.5,"Dec",2021,"fisher","2021-2022",3,18.7901554404145
14,"Dec",2021,"fisher","2021-2022",7,18.7901554404145
14.5,"Dec",2021,"fisher","2021-2022",7,18.7901554404145
15,"Dec",2021,"fisher","2021-2022",7,18.7901554404145
15.5,"Dec",2021,"fisher","2021-2022",6,18.7901554404145
16,"Dec",2021,"fisher","2021-2022",10,18.7901554404145
16.5,"Dec",2021,"fisher","2021-2022",11,18.7901554404145
17,"Dec",2021,"fisher","2021-2022",26,18.7901554404145
17.5,"Dec",2021,"fisher","2021-2022",24,18.7901554404145
18,"Dec",2021,"fisher","2021-2022",36,18.7901554404145
18.5,"Dec",2021,"fisher","2021-2022",33,18.7901554404145
19,"Dec",2021,"fisher","2021-2022",41,18.7901554404145
19.5,"Dec",2021,"fisher","2021-2022",33,18.7901554404145
20,"Dec",2021,"fisher","2021-2022",46,18.7901554404145
20.5,"Dec",2021,"fisher","2021-2022",39,18.7901554404145
21,"Dec",2021,"fisher","2021-2022",20,18.7901554404145
21.5,"Dec",2021,"fisher","2021-2022",12,18.7901554404145
22,"Dec",2021,"fisher","2021-2022",10,18.7901554404145
22.5,"Dec",2021,"fisher","2021-2022",4,18.7901554404145
23,"Dec",2021,"fisher","2021-2022",7,18.7901554404145
23.5,"Dec",2021,"fisher","2021-2022",0,18.7901554404145
24,"Dec",2021,"fisher","2021-2022",1,18.7901554404145
13,"Aug",2021,"processor","2021-2022",240,17.8063004345127
13.5,"Aug",2021,"processor","2021-2022",249,17.8063004345127
14,"Aug",2021,"processor","2021-2022",924,17.8063004345127
14.5,"Aug",2021,"processor","2021-2022",1364,17.8063004345127
15,"Aug",2021,"processor","2021-2022",2104,17.8063004345127
15.5,"Aug",2021,"processor","2021-2022",1049,17.8063004345127
16,"Aug",2021,"processor","2021-2022",3818,17.8063004345127
16.5,"Aug",2021,"processor","2021-2022",4099,17.8063004345127
17,"Aug",2021,"processor","2021-2022",6682,17.8063004345127
17.5,"Aug",2021,"processor","2021-2022",4766,17.8063004345127
18,"Aug",2021,"processor","2021-2022",4726,17.8063004345127
18.5,"Aug",2021,"processor","2021-2022",3197,17.8063004345127
19,"Aug",2021,"processor","2021-2022",5052,17.8063004345127
19.5,"Aug",2021,"processor","2021-2022",1677,17.8063004345127
20,"Aug",2021,"processor","2021-2022",2888,17.8063004345127
20.5,"Aug",2021,"processor","2021-2022",1167,17.8063004345127
21,"Aug",2021,"processor","2021-2022",1853,17.8063004345127
21.5,"Aug",2021,"processor","2021-2022",832,17.8063004345127
22,"Aug",2021,"processor","2021-2022",1341,17.8063004345127
22.5,"Aug",2021,"processor","2021-2022",91,17.8063004345127
23,"Aug",2021,"processor","2021-2022",103,17.8063004345127
23.5,"Aug",2021,"processor","2021-2022",108,17.8063004345127
14,"Sep",2021,"processor","2021-2022",33,18.0397239439384
14.5,"Sep",2021,"processor","2021-2022",151,18.0397239439384
15,"Sep",2021,"processor","2021-2022",1861,18.0397239439384
15.5,"Sep",2021,"processor","2021-2022",4116,18.0397239439384
16,"Sep",2021,"processor","2021-2022",10742,18.0397239439384
16.5,"Sep",2021,"processor","2021-2022",10819,18.0397239439384
17,"Sep",2021,"processor","2021-2022",15443,18.0397239439384
17.5,"Sep",2021,"processor","2021-2022",14259,18.0397239439384
18,"Sep",2021,"processor","2021-2022",18972,18.0397239439384
18.5,"Sep",2021,"processor","2021-2022",10323,18.0397239439384
19,"Sep",2021,"processor","2021-2022",10740,18.0397239439384
19.5,"Sep",2021,"processor","2021-2022",2999,18.0397239439384
20,"Sep",2021,"processor","2021-2022",8929,18.0397239439384
20.5,"Sep",2021,"processor","2021-2022",928,18.0397239439384
21,"Sep",2021,"processor","2021-2022",7201,18.0397239439384
21.5,"Sep",2021,"processor","2021-2022",289,18.0397239439384
22,"Sep",2021,"processor","2021-2022",3961,18.0397239439384
23,"Sep",2021,"processor","2021-2022",528,18.0397239439384
15,"Oct",2021,"processor","2021-2022",29,20.7563689997318
16,"Oct",2021,"processor","2021-2022",33,20.7563689997318
17,"Oct",2021,"processor","2021-2022",87,20.7563689997318
17.5,"Oct",2021,"processor","2021-2022",38,20.7563689997318
18,"Oct",2021,"processor","2021-2022",443,20.7563689997318
19,"Oct",2021,"processor","2021-2022",3048,20.7563689997318
19.5,"Oct",2021,"processor","2021-2022",62,20.7563689997318
20,"Oct",2021,"processor","2021-2022",6621,20.7563689997318
20.5,"Oct",2021,"processor","2021-2022",65,20.7563689997318
21,"Oct",2021,"processor","2021-2022",5027,20.7563689997318
21.5,"Oct",2021,"processor","2021-2022",149,20.7563689997318
22,"Oct",2021,"processor","2021-2022",4473,20.7563689997318
22.5,"Oct",2021,"processor","2021-2022",78,20.7563689997318
23,"Oct",2021,"processor","2021-2022",1787,20.7563689997318
24,"Oct",2021,"processor","2021-2022",434,20.7563689997318
6.5,"Nov",2021,"processor","2021-2022",32,18.036939280232
7.5,"Nov",2021,"processor","2021-2022",234,18.036939280232
8,"Nov",2021,"processor","2021-2022",1006,18.036939280232
8.5,"Nov",2021,"processor","2021-2022",475,18.036939280232
14,"Nov",2021,"processor","2021-2022",39,18.036939280232
14.5,"Nov",2021,"processor","2021-2022",213,18.036939280232
15,"Nov",2021,"processor","2021-2022",824,18.036939280232
15.5,"Nov",2021,"processor","2021-2022",2013,18.036939280232
16,"Nov",2021,"processor","2021-2022",5497,18.036939280232
16.5,"Nov",2021,"processor","2021-2022",7683,18.036939280232
17,"Nov",2021,"processor","2021-2022",12775,18.036939280232
17.5,"Nov",2021,"processor","2021-2022",12111,18.036939280232
18,"Nov",2021,"processor","2021-2022",23792,18.036939280232
18.5,"Nov",2021,"processor","2021-2022",14658,18.036939280232
19,"Nov",2021,"processor","2021-2022",13979,18.036939280232
19.5,"Nov",2021,"processor","2021-2022",6427,18.036939280232
20,"Nov",2021,"processor","2021-2022",7621,18.036939280232
20.5,"Nov",2021,"processor","2021-2022",1871,18.036939280232
21,"Nov",2021,"processor","2021-2022",3466,18.036939280232
21.5,"Nov",2021,"processor","2021-2022",813,18.036939280232
22,"Nov",2021,"processor","2021-2022",1234,18.036939280232
22.5,"Nov",2021,"processor","2021-2022",97,18.036939280232
23,"Nov",2021,"processor","2021-2022",400,18.036939280232
7,"Dec",2021,"processor","2021-2022",119,17.6252321299298
8,"Dec",2021,"processor","2021-2022",64,17.6252321299298
14,"Dec",2021,"processor","2021-2022",84,17.6252321299298
14.5,"Dec",2021,"processor","2021-2022",133,17.6252321299298
15,"Dec",2021,"processor","2021-2022",2535,17.6252321299298
15.5,"Dec",2021,"processor","2021-2022",5135,17.6252321299298
16,"Dec",2021,"processor","2021-2022",4982,17.6252321299298
16.5,"Dec",2021,"processor","2021-2022",5552,17.6252321299298
17,"Dec",2021,"processor","2021-2022",8076,17.6252321299298
17.5,"Dec",2021,"processor","2021-2022",7131,17.6252321299298
18,"Dec",2021,"processor","2021-2022",7335,17.6252321299298
18.5,"Dec",2021,"processor","2021-2022",9322,17.6252321299298
19,"Dec",2021,"processor","2021-2022",4400,17.6252321299298
19.5,"Dec",2021,"processor","2021-2022",2823,17.6252321299298
20,"Dec",2021,"processor","2021-2022",1982,17.6252321299298
20.5,"Dec",2021,"processor","2021-2022",1413,17.6252321299298
21,"Dec",2021,"processor","2021-2022",1003,17.6252321299298
21.5,"Dec",2021,"processor","2021-2022",817,17.6252321299298
22,"Dec",2021,"processor","2021-2022",419,17.6252321299298
22.5,"Dec",2021,"processor","2021-2022",217,17.6252321299298
5,"Jan",2022,"processor","2021-2022",46,17.483620606541
14,"Jan",2022,"processor","2021-2022",33,17.483620606541
14.5,"Jan",2022,"processor","2021-2022",247,17.483620606541
15,"Jan",2022,"processor","2021-2022",1241,17.483620606541
15.5,"Jan",2022,"processor","2021-2022",2862,17.483620606541
16,"Jan",2022,"processor","2021-2022",8515,17.483620606541
16.5,"Jan",2022,"processor","2021-2022",9514,17.483620606541
17,"Jan",2022,"processor","2021-2022",17051,17.483620606541
17.5,"Jan",2022,"processor","2021-2022",14057,17.483620606541
18,"Jan",2022,"processor","2021-2022",17905,17.483620606541
18.5,"Jan",2022,"processor","2021-2022",10746,17.483620606541
19,"Jan",2022,"processor","2021-2022",6695,17.483620606541
19.5,"Jan",2022,"processor","2021-2022",2884,17.483620606541
20,"Jan",2022,"processor","2021-2022",1254,17.483620606541
20.5,"Jan",2022,"processor","2021-2022",299,17.483620606541
5,"Feb",2022,"processor","2021-2022",46,17.8576567002514
7,"Feb",2022,"processor","2021-2022",51,17.8576567002514
14.5,"Feb",2022,"processor","2021-2022",165,17.8576567002514
15,"Feb",2022,"processor","2021-2022",953,17.8576567002514
15.5,"Feb",2022,"processor","2021-2022",2814,17.8576567002514
16,"Feb",2022,"processor","2021-2022",2159,17.8576567002514
16.5,"Feb",2022,"processor","2021-2022",4281,17.8576567002514
17,"Feb",2022,"processor","2021-2022",7724,17.8576567002514
17.5,"Feb",2022,"processor","2021-2022",7277,17.8576567002514
18,"Feb",2022,"processor","2021-2022",5520,17.8576567002514
18.5,"Feb",2022,"processor","2021-2022",5560,17.8576567002514
19,"Feb",2022,"processor","2021-2022",2121,17.8576567002514
19.5,"Feb",2022,"processor","2021-2022",4105,17.8576567002514
20,"Feb",2022,"processor","2021-2022",2415,17.8576567002514
20.5,"Feb",2022,"processor","2021-2022",2100,17.8576567002514
21,"Feb",2022,"processor","2021-2022",707,17.8576567002514
21.5,"Feb",2022,"processor","2021-2022",698,17.8576567002514
22,"Feb",2022,"processor","2021-2022",110,17.8576567002514
23,"Feb",2022,"processor","2021-2022",125,17.8576567002514
